,newsID,museumID,newsTitle,newsTime,newsmaintext,positive/negative
0,1,1,文创业不断创新发展 推动数字经济产业升级,2020-04-26 12:27,"央视网消息：不仅是在线音乐会，疫情期间，在线展览、在线旅游、在线首映电影等产品纷纷上线，数字文创产业不断创新供给，提供全面优质的线上文娱内容和服务，推动数字经济产业升级。
4月初，已经闭馆70多天的故宫通过各大直播平台与观众见面。几天时间内，全网总浏览量突破了4亿。除了故宫直播，全国九大一级博物馆还联合短视频平台，在疫情期间，开辟了“在家云游博物馆”的活动。通过直播、短视频让用户在家就可以浏览全国的精品馆藏。
除了博物馆，电影首映、音乐会等文娱产业也都纷纷转移到线上。文化和旅游部在国家政务服务平台、部网站政务服务门户上推出“在线公共文化服务”，公众可以在线观看全国博物馆线上展览，参观国家博物馆30多个虚拟展厅，查询故宫博物院文物信息，参加国家图书馆线上线下结合的公开课。
为了降低疫情期间文娱产业的整体损失，各级政府纷纷出台政策，在税收、租金、金融等方面提供了多项扶持。文化和旅游部表示，将扩大优质数字文旅产品供给，加快释放新兴消费潜力，发展沉浸式体验型文旅消费，引导和培育网络消费、体验消费、智能消费等消费新热点新模式。
",positive
1,2,1,故宫博物院发布闭馆公告 多地取消新春文化活动,2020-01-24 04:21,"　　中新社北京1月23日电 (记者 应妮)故宫博物院23日晚发布闭馆公告，从1月25日(正月初一)起闭馆，恢复开放时间另行通知。
　　《故宫博物院关于闭馆的公告》称，根据新型冠状病毒感染的肺炎疫情防控工作需要，为避免人员聚集引发交叉感染，故宫博物院决定，自2020年1月25日(正月初一)起闭馆，恢复开放时间另行通知。已经网上购票的观众，故宫博物院将尽快通过原付款渠道退还票款，并通过您预留的手机号码通知退款信息。
　　记者留意到，疫情当前，多地文博及相关单位已经取消或推迟原定的各种新春文娱公开活动。同日，天津“平安蓟州”微博发布消息，取消第十五届独乐寺庙会；2020年央视春晚河南郑州、粤港澳大湾区两个分会场将以录制形式进行；澳门特别行政区政府旅游局发布消息表示，原计划举行的所有农历新年庆祝活动将取消。江苏多个景区取消新年活动：扬州瘦西湖景区原准备的民俗闹新春活动取消，苏州同里景区决定取消1月25日至2月8日期间开展的多个活动。
　　首都博物馆发公告实行严格预约制度，取消团队预约，个人预约名额每日限3000人，同时取消各类公众讲座、文化庙会等活动；中国科技馆、上海博物馆、北京自然博物馆等也都纷纷提高场馆预警限流标志，减少近半每日可预约进馆人数，山西博物院、湖南省博物馆等明确取消馆内讲座等活动，并配备体温检测设备，在观众进馆前实行体温监测。(完)
",positive
2,3,1,故宫博物院院长王旭东就“开车进故宫”事件向公众致歉,2020-01-21 01:12,"　　央视网消息：1月21日，针对近期发生的“开车进故宫”事件，故宫博物院院长王旭东在微博发出致歉声明，全文如下：
　　近期发生的“开车进故宫”事件引发社会高度关注，引起公众对故宫文物保护的担忧，我代表故宫博物院再次向社会公众诚挚道歉！
　　1月13日，经过故宫博物院批准的闭馆日活动有200余人参加。因原定停车场车位已满，我院相关部门引导车辆停放时，临时改变停车位置，未严格执行报批的接待方案，将原定的西华门内西河沿停车场，变更为午门内金水河南侧临时停车场。该区域地面是历年来不断更新的现代材料，多年来一直作为闭馆时段的车辆通道和闭馆日活动的临时停车场所。
　　此次事件反映出我院在内部管理和社会服务中存在的短板不足。经研究决定，对负有领导责任的故宫博物院分管副院长和保卫处处长停职检查。我院将汲取教训，以此为戒，全面加强管理，认真进行整改。对故宫内所有车辆通道、停放场所进行排查，确保不对故宫文物造成损害，确保故宫安全，全力守护好故宫，为社会提供更多更好的公共服务。
　　2020年1月20日
",negative
3,4,1,1900万人次！故宫博物院年客流量再次刷新,2019-12-21 06:56,"　　北京日报讯（记者 刘冕）1900万人次！故宫博物院年客流量再次刷新。
　　12月19日10时47分03秒，一位来自浙江省湖州市的杨姓参观者从故宫午门检票入院。至此，2019年故宫博物院接待参观者数量已突破1900万人次，这是故宫客流量首次突破1900万人次。自2002年起，故宫博物院年客流量达700万人次，当时世界上年客流量最大的博物馆是卢浮宫，每年接待800万人次。之后10年，故宫年客流量猛增到1500万人次。故宫一跃成为世界上“人气最高”的博物馆。
　　近年来，故宫博物院在观众总量逐年提升的情况下，通过扩大开放面积、提升院内展览数量和质量，同时采取“每日限流8万人次”和“全部网络预售门票”等措施，实现旺季平稳、淡季不淡，消除了超大客流的安全隐患，参观体验得到改善和提升。
",positive
4,5,1,故宫博物院文化创意项目“谜宫 金榜题名”正式发布,2019-12-20 09:29,"　　央视网消息：故宫博物院主题性综合文化创意项目“谜宫 金榜题名”昨天（19日）正式发布。　　《谜宫·金榜题名》是故宫推出的互动解谜游戏《谜宫》系列的第二部。它在严谨学术考证的基础上，借助故宫丰富的文献馆藏与历史古籍，将故宫博物院院藏文物、历史档案、解谜游戏、文艺创作巧妙地融为一体。
　　谜宫·金榜题名设计者 徐奥林：通过金榜题名这种形式，向读者去介绍科举是什么以及科举过程中一些有趣的知识点。 　　本书中还有20多件随书附件道具和环环相扣的谜题，包含100多个“硬核”历史知识点。给读者营造一种全新的文化体验。　　故宫博物院院长 王旭东：在平安故宫、学术故宫、数字故宫的基础上，今年提出了活力故宫，而让文物活起来的最主要的内涵，是让文物蕴含的价值鲜活起来。　　故宫博物院表示，今后将最大限度提升真实历史背景下的文艺创作，让禁宫里的档案、文献为公众所认识。
",positive
5,6,1,纪念紫禁城建成600年 故宫博物院重磅展品将亮相,2020-01-01 08:04,"　　央视网消息：2020年是紫禁城建成600年，也是故宫博物院成立95周年。故宫博物院将为广大观众奉上精彩纷呈的文化盛宴，韩熙载夜宴图、苏轼行书《治平帖卷》等重磅展品也将陆续亮相。
　　故宫同时推出的一系列精品展览，其题材涵盖古代建筑、专题书画、古代器物、中外文明等主题，将为观众带来全新的观展体验。其中，“紫禁城建成600年展”以600年来时间轴线中的20余个关键年份为基点，通过紫禁城的营缮、改造和保护等关键性事件，介绍600年来的城中变化，阐释紫禁城作为宫殿建筑技术与艺术完美结合的最高境界。
　　重磅推出的故宫博物院藏古代人物画展，将选取故宫博物院藏品佳作，展现人物画从东晋南北朝至明清时期的发展脉络，其中就包括韩熙载夜宴图这样的难得一见的书画珍品。随后，苏轼主题书画特展中行书《治平帖卷》等书法真迹也将亮相， 而武英殿“陶瓷馆”专馆也将重新开放，文物数量由原来的400件增加到1000件。
　　此外，故宫博物院还将设计紫禁城建成600年纪念标志，发行紫禁城建成600年纪念券、纪念币、特种邮票。
",positive
6,7,1,故宫博物院院长凌晨发文致歉，“开车进故宫”事件相关责任人已停职,2020-01-22 14:58,"央视网消息：针对近期发生的“开车进故宫”一事，故宫博物院官方微博21日凌晨刊发“故宫博物院院长王旭东向公众道歉”内容，并透露，故宫博物院分管副院长和保卫处处长已被停职检查。
",negative
7,8,1,放大招！600年的紫禁城、95年的故宫博物院今年打算这样过生日！,2020-01-01 17:10,"　　央视网消息：2020年是紫禁城建成600年，也是故宫博物院成立95周年。故宫博物院将为广大观众奉上精彩纷呈的文化盛宴，韩熙载夜宴图、苏轼行书治平帖卷等重磅展品也将陆续亮相。
　　故宫推出的一系列精品展览，其题材涵盖古代建筑、专题书画、古代器物、中外文明等主题，将为观众带来全新的观展体验。其中，“紫禁城建成600年展”以600年来时间轴线中的20余个关键年份为基点，通过紫禁城的营缮、改造和保护等关键性事件，介绍600年来的城中变化，阐释紫禁城作为宫殿建筑技术与艺术完美结合的最高境界。
　　重磅推出的故宫博物院藏古代人物画展，将选取故宫博物院藏品佳作，展现人物画从东晋南北朝至明清时期的发展脉络，其中就包括韩熙载夜宴图这样的难得一见的书画珍品。随后，苏轼主题书画特展中行书治平帖卷等书法真迹也将亮相， 而武英殿“陶瓷馆”专馆也将重新开放，文物数量由原来的400件增加到1000件。
　　此外，故宫博物院还将设计紫禁城建成600年纪念标志、发行紫禁城建成600年纪念券、纪念币、特种邮票。
",positive
8,9,1,故宫博物院：将推出剧集《故宫如梦》,2019-10-02 13:41,"　　新华社北京10月2日电（记者施雨岑）建成于1420年的紫禁城将满600岁。故宫博物院近日宣布，将推出剧集《故宫如梦》，探索以“5G+4K超高清+互动多结局+场景沉浸”的创新形式，讲述年轻工匠蒯祥参与营建紫禁城的过程。
　　同时，故宫博物院将携手腾讯，在未来3年共同研究文物数字化采集、存储及展示方面的技术，预期完成10万件文物的高清影像采集、精修，并共同推动数字化采集行业标准的建立。
　　故宫博物院院长王旭东表示，当前，数字技术正推动整个社会发生广泛而深刻的变革。这20年来，故宫的数字探索取得了初步的成果，但要建设更全面、更深入的数字故宫，任重而道远。
",positive
9,10,1,故宫博物院2020年春节开放时间公布 正月初一至初六正常开放,2020-01-11 15:51,"央视网消息：春节将近，故宫博物院开放时间正式发布，除夕当天（1月24日）全天闭馆，正月初一至初六（1月25日-30日）正常开放，开馆时间为上午八点三十分钟，停止入院时间为下午三点四十分。
",positive
10,11,1,故宫博物院：260件珍品玉器读懂良渚,2019-08-05 16:16,"
　　5000年前，一个以稻作农业为经济支撑并存在社会分化和统一信仰体系的早期国家在良渚这片土地上逐渐形成，良渚人所造玉器以其数量之多、品类之丰、雕琢之精，达到了中国史前玉器文化的巅峰。良渚玉器蕴含的文化精髓，历经五千载，传承相续。
　　如今，260件（组）良渚玉器珍品走进故宫博物院，5000年前的玉器结缘近600岁的紫禁城，在武英殿“良渚与古代中国——玉器显示的五千年文明展”内，向世人静静讲述着尘封数千年的故事，实证中华泱泱五千年文明。
　　知识点：良渚的前世今生
　　2019年7月6日，第43届世界遗产大会上，中国“良渚古城遗址”成功列入《世界遗产名录》，成为中国第55项世界遗产。浙江省文物考古研究所所长、良渚考古遗址发掘领队刘斌介绍，从良渚古城的工程量来看，它内城部分的面积就有4个故宫大，有300万平方米，外城有6.3平方公里，大约有8个故宫大小。中心区是宫殿区，城市设计与后来的都城一脉相承，城市格局相当于北京城。在它的外围有11条水坝，组成了一个庞大的水利系统；同时，整个古城和水利系统的土石方量共有一千多万立方米，可以想见当年组织实施这样一个超大工程背后的社会组织一定是一个国家级别的；另外，从发掘的墓葬和以玉器为主的出土物来看，它们所反映的社会等级起码有4个等级以上，这样的社会复杂程度也是一个国家状态。“这些都是国家和文明产生的有力证据，揭示了在距今5300年前，长江下游环太湖地区出现过具有高度统一信仰的国家，展现了五千多年前中国史前稻作文化的极高成就，良渚文化对于中华文明的影响是巨大的。”

　　观展亮点：可称“前无古人”的展览
　　此次展览是良渚玉器在良渚古城遗址申遗成功后首次亮相，按年代跨度从新石器时代良渚文化时期到明清时期，贯穿了中华上下五千年，通过“引子”、“神王之国”、“文明传承”、“结语”四个部分，完整系统地反映良渚文明的早期国家特征和对后世文化的影响。展览选取的文物主要以墓葬中的玉器为主。刘斌说，良渚文化最大的特点是崇尚玉以及通过玉器来彰显身份、地位。因为玉器的象征意义，通过不同玉器以及它们之间的组合，可以推断良渚玉器主人的性别、地位等。此次特展的展品多出土自反山12号墓和瑶山11号墓，其中，反山12号墓是迄今发现的等级最高的良渚文化显贵者墓地。“根据出土玉器，判断反山12号墓主人为‘良渚国王’，瑶山11号墓主人为‘良渚王后’。”刘斌介绍，此次展览还借了很多省相关的良渚玉器，从中可以看到，良渚所发明的玉器在整个中国的版图里有很大的影响面，最北可以到达陕北的榆林石峁遗址、延安的芦山峁遗址，最南至广东的石峡遗址，都有良渚玉器出土。观众可以发现，在4000多年前的中国就有这么远距离的文物交流与互动，如今，这些玉器与故宫中乾隆皇帝时期收藏的良渚玉器“相会”，让中华上下五千年真正地串联在一起。


　　“在中华玉文化中，良渚玉文化是史前玉文化的最高峰。此次展览可以称作是前无古人的一个展览。”展览总策展人、复旦大学文物和博物馆学系教授高蒙河介绍，展览是首次将全国9个省市17家文博单位的260件（组）良渚玉器汇集到一起，把良渚出土的和后来历代收藏的良渚玉器全部放到故宫这一平台上，呈现给全国观众。在策展上，选择故宫也是有象征寓意的：近600岁的紫禁城遇上中国最早的都城——良渚古城遗址，这样一个穿越古今、跨越时空的对话，通过玉器讲述中华文明五千年发展历程中绵延不绝、多元一体、兼容并蓄的历史发展脉络。
　　最重量级：“琮钺双王”同台亮相
　　高蒙河介绍，良渚人创造了统一的神灵形象，设计出以琮、璧、钺等为代表的等级森严的玉礼器系统，俗称“三大件”。良渚最高统治者良渚国王既掌王权又掌神权，体现了政教合一的特征，是迄今所知中国最早的国家形态，因此被称为“神之王国”。
　　中国古代有“国之大事，在祀与戎”之说，即国家大事主要是祭祀和战争，这种理念在良渚文化中早有体现，良渚国王拥有神权、军权和王权，玉器便成为王室权力的代表。浙江余杭反山12号墓是良渚国王大墓，该墓随葬器物数量庞大、种类完备、质地优良、工艺精湛，远远超过其他墓例。作为此次展览最具重量级的两件文物——“琮王”和“钺王”就出自于此。
　　琮，首创于良渚文化，为高等级贵族所有，其在后世文化中被承袭，清代时，玉琮仍为上层社会所钟爱。出土于浙江余杭反山12号墓的一件“重磅级”玉琮，高8.9厘米、上射径17.1至17.6厘米、下射径16.5至17.5厘米，重达6.5千克，是迄今为止雕琢最精美、品质最佳、体量最大的玉琮，堪称“琮王”。它内圆外方，中部贯穿，四角施刻神人兽面纹。据介绍，玉琮在良渚文化时期是沟通天地人神的礼器，蕴含着良渚先民的宇宙观念和精神信仰。
　　展厅内，“钺王”与“琮王”并肩而立，尽显威严。“钺王”是目前唯一雕琢有神人兽面纹和鸟纹的玉钺。这种豪华型玉钺，是王的权杖，象征着权力与威严，柄嵌玉髹漆，上下端装配玉瑁和玉镦。玉瑁造型取自于神徽的冠帽，体现了王权神授。玉镦上有横截面为椭圆形的凸榫，内部有卯孔。凸榫以下饰满变形鸟纹和神人兽面纹。良渚国王麾下的“双王”便是良渚最高统治者至高王权的象征。

　　琮为何物？为玉琮配饰件 秒变“乾隆特色”
　　“现在可以明确的是玉琮和祭祀、礼仪有关系，但玉琮为什么要做成这种形式、在使用中如何放置等，还需要继续探索。”高蒙河说，一个有趣的事实是，大概从汉代开始，琮的具体作用就不太为人知，但是后代对良渚文化的传承一直绵延不绝，古人一直在仿制玉琮，“各朝代仿制的玉琮在形体、纹饰、结构等方面会有不同的调整或简化，但其‘外方内圆中空’的结构一直到清代都没有发生变化。所以，良渚文化留给我们探索的空间还很大。”
　　故宫曾经的主人乾隆皇帝，一生痴迷于玉，写了数百首咏玉诗的他，称赞良渚玉器“色得黄元之正”、“质具圭璋之素”。高蒙河介绍，此次展览故宫提供的34件珍宝中，很大部分就是乾隆皇帝收藏的良渚玉器，它们有的已变得富有“乾隆特色”。其中，一只玉琮内壁被乾隆配上了精美的珐琅胆，刻上了御题诗。他在御题诗中明确将此类玉琮看作是汉代贵族车辇抬竿上的饰件，名辋头，是汉代时玉，说明当时已不知琮为何物。而乾隆和工匠们均没有看懂玉琮上的神人纹，在刻琢诗文时将字迹刻反，与外部的神人纹正好颠倒。有趣的是，配上铜胆后的玉琮又有了一定的实用功能，可作为花囊或者香薰，成为乾隆日常欣赏、把玩的陈设之物。“乾隆还将有的玉琮变成了笔筒、花瓶等物件，可以看出，他自己也一直在摸索琮的具体用法。”高蒙河说，乾隆在世时，一直在考证这些玉器的年代，“开始认为是汉代，晚年又觉得可能比汉代还要久远……在某种程度上，他应该是最早研究良渚玉器的人。”
　　最早礼制：12件组配玉璜良渚王后独有
　　展厅内，良渚王后身上最贵重的一件玉器尤为珍贵，这是一件由璜与成组圆牌的组佩。高蒙河介绍，良渚玉璜为半璧形，正面雕琢神兽像，尖角大眼，下部半圆弧状线把嘴、可能的下肢包括在内，具有龙首纹的特征，大眼之间的尖突位于璜的凹缺部位。玉璜一般与成组圆牌组合使用，作为颈饰和胸饰，是良渚女性显贵的专有佩饰。而王后拥有的成组圆牌数量最多，有12件。“这样的饰品佩戴在胸前有象征女性特征的用意，搭配的圆牌配件数量之多，显示出良渚女性中只有王后这样级别的贵族才能用玉的一种社会规制，这种规制就是中国最早的礼制。”
　　此次展览的展品体现了良渚文化丰富的玉器形制，包括玉璧、玉权杖、玉冠、玉璜、玉镯等。高蒙河介绍，此次展览的另一大亮点，就是将国王和王后陪葬的玉器经过精选，做了整体的展示。“过去的展览主要是展示‘琮王’和‘钺王’为代表的重要文物，这次是将配套的玉器近乎全套展出，包括王后墓里一些女性特有的玉璜、玉镯等玉器。”高蒙河表示，通过这样的展陈，观众能够了解良渚国王和王后在五千年前处于什么样的地位、拥有什么样的身份和权力。同时，良渚玉器的这种礼器系统也反映了中国最早的礼制，说明良渚时期已经产生了以礼治国的内涵，这种礼制一直传承至封建社会后期。
　　刻字石器：石钺上出现5000年前原始文字
　　玻璃展柜里，通过放大镜看去，一块小小的石钺上出现了原始文字。细细观瞧，石钺上的符号规则有序。据介绍，这是目前中国出土的最早的刻字石钺。“5000年前的良渚文化中，就已经出现了早期文字的雏形。我们说，中国有刻在骨头上的文字，有刻在陶器上的文字，有写在简帛上的文字，但刻在石头上的文字，被我们称作‘石刻’的文字，这件应该是最早的。”高蒙河说，文字也可以看作是一个城市、一个国家形成的标志。
　　据介绍，良渚文化共发现了340余种、700余个刻画符号，多个刻画符号组合排列在一起，具备文字的功能特征，可视作原始文字，但石钺上符号传递的意思、对良渚文字的释读，目前学界还在研究中。良渚时期还发现多件刻字石钺，可称作是中国最早的刻字石器。（记者 李祺瑶 程功）
　　观展提示
　　时间：展期至10月20日
　　地点：故宫博物院武英殿
　　门票：展览不单独收费
　　观众凭故宫博物院门票入院后可免费参观
",positive
11,12,1,“十一黄金周”前10天故宫博物院暂停对社会开放,2019-09-13 16:41,"　　央视网消息：据故宫博物院官方微博消息，关于故宫博物院暂停开放的公告：根据工作需要和安排，故宫博物院于2019年9月21日至10月1日暂停对社会开放。
",positive
12,13,1,六百岁故宫2020年首开直播 两天三场揭开庆生序幕,2020-04-05 21:12,"　　中新社北京4月5日电 (记者 应妮)闭馆七十多天后，故宫博物院的午门5日上午十点为中国网友们打开。5日、6日连续两天的3场网络直播，故宫以这种特殊形式揭开了600年庆生的序幕。
4月5日，闭馆中的故宫博物院联合多家媒体，首次进行网络直播，让观众在家就能感受故宫的美。据悉，本次直播在4月5日和6日进行三场。 中新社记者 侯宇 摄
　　从时间安排上，三场直播分别是4月5日10时到12时，16时到18时，4月6日上午8时到10时。从“云游”路线来看，5日上午是午门、太和殿，出右翼门至慈宁宫，下午是西华门、武英殿、午门、文华殿、东华门、箭亭、九龙壁、皇极殿，6日上午是午门、三大殿、东六宫，可谓涵盖了中线、西线和东线各路景致。
　　故宫博物院宣传教育部副主任果美侠向中新社记者介绍，这样的时间和路线安排确实经过精心设计。“观众平时八点半才能进宫参观，下午五点故宫就闭馆了，所以这次的时间安排能让网友充分领略故宫开馆前和闭馆后的景致；三条路线的安排也是为了让网友全面感受故宫之美。”
4月5日，闭馆中的故宫博物院联合多家媒体，首次进行网络直播，让观众在家就能感受故宫的美。据悉，本次直播在4月5日和6日进行三场。 中新社记者 侯宇 摄
　　隆宗门匾额上的箭头、慈宁宫门前丹陛石上的小萌兽、慈宁宫花园中独特的临溪亭、断虹桥上古老的小狮子们、文渊阁黑色琉璃瓦顶的寓意、九龙壁中的小秘密……各种典故说头、独一无二之处，讲解员们都信手拈来，网友们听得津津有味，纷纷表示太精彩了。甚至有网友留言建议特殊时期每天开直播，“一天一个院落一个宫殿”。
　　对于2020年故宫博物院的首次直播，院长王旭东通过视频表示，希望带领观众通过网络走近故宫，感受闭馆期间故宫的春日之美、建筑之美、空灵之美。
　　此次直播的主题是“安静的故宫 春日的美好”。镜头中，故宫里怒放的海棠、丁香掩映在红墙黄瓦蓝天下，俨然这座宫殿的主人。据悉，仅5日上午的直播，各网络平台合计的播放量已破亿。
　　因新冠肺炎疫情防控需要，故宫博物院于1月25日起闭馆，恢复开放时间另行通知。
",positive
13,14,1,2019“一带一路”人文历史摄影展亮相故宫博物院,2019-10-12 15:51,"　　新华社北京10月12日电（记者施雨岑）尼罗河畔的佛像、紫禁城里壮美的建筑、高加索山脉深处村庄的小女孩……2019“一带一路”人文历史摄影展近日亮相故宫博物院，以一幅幅精彩的摄影作品展现广阔久远、丰富生动的“一带一路”沿线国家和地区的人文历史和社会生活。
　　摄影展汇聚众多摄影家的艺术成果，以“一带一路”沿线国家和地区人文、历史、文化遗产等为拍摄主题，设置有“长风万里”“天涯比邻”“心同理同”“你好丝路”和“不止所见”五大主题单元，既呈现出不同国度、民族、信仰间的文明差异，又展现了不同文明感应、融合、相通的互鉴共存。
　　本次展览将在故宫博物院慈宁宫花园东院向公众开放至10月27日。
",positive
14,15,1,故宫博物院：9月21日至10月1日暂停对社会开放,2019-09-11 10:51,"　　中国网9月11日讯 据故宫博物院官方微博今日消息，根据工作需要和安排，故宫博物院于2019年9月21日至10月1日，暂停对社会开放。
",positive
15,16,1,线上观展，让艺术始终在线,2020-04-06 10:30,"　　【以艺战疫·云上艺展】
　　春日的周末，阳光和煦，微风拂面，大地一片生机勃勃。这样的闲暇时光，好想约上三五好友去看一场电影，带上孩子去儿童乐园踏青，或是独自去美术馆看一场艺术展。但转念一想，疫情还没结束，外出活动再等等吧，但展览是一定要看的，在线上！
　　面对突如其来的新冠肺炎疫情，各行各业共克时艰，携手战疫，全国各地的美术馆、博物馆和艺术机构也不例外，形式多样、精心设计的线上艺术展览成为疫情期间宅家人群的热门去处，让人们足不出户，将艺术之美尽收眼底。
　　“线上观展的形式在疫情期间真是太方便了！3D旋转的展示方式配合文字资料，比在展览现场看得还要清晰。”在故宫博物院线上展览的推广链接下，一位网友这样留言。跟随链接，点击进入故宫博物院官网内的“数字多宝阁”，一件件文物整齐排布。选择明代“嘉靖款五彩鱼藻纹盖罐”后，映入眼帘的便是设色淡雅的鱼藻纹动画，以及标注展品尺寸的高清图像。不仅如此，线上展厅内还详细介绍了嘉靖款五彩鱼藻纹盖罐的烧制过程，从青料描画图案、施透明釉、高温烧制、描绘色彩到最终完成，每一个步骤皆用3D动画详细展现，让观者了解展品的前世今生。
　　在中国国家博物馆的线上展厅内，为观众精心整理的主题展、名家展、文物展等数十个数字展览让人目不暇接；上海博物馆的“网上展览”板块里，“灵鼠兆丰年”“鸡年话鸡”“猴年话猴”等生肖主题展寓教于乐，深受孩子们的喜爱；浙江省博物馆策划的“数字文物”栏目同样设计巧妙，观众不仅可以逛虚拟展馆里的常设展览，还可以浏览“越地宝藏”“越王时代”等数字大展……
　　在丰富多彩的线上艺展里，以“抗击新冠肺炎疫情”为主题的美术作品展也成为人们关注的焦点。中国美术馆官网上，“为抗疫而塑——中国美术馆国家主题美术创作组作品选登”向观众呈现了雕塑家们讴歌战疫英雄、弘扬抗疫精神的创作成果。“‘心手相握 共抗疫情’西北五省美术作品网络联展”上，美术家们紧紧围绕坚决打赢疫情防控阻击战主题进行创作。该网络展先后推出5期，囊括了国画、油画、素描、速写、书法篆刻等多个门类，为各界英雄塑魂喝彩、为抗击疫情鼓劲加油，获得了网友的点赞。为了更好地与线上观众进行互动，许多美术馆和艺术网络媒体以“艺心抗疫”“画笔战役”等为主题征集美术作品，让观众在线上看展的同时，真正参与到创作中来，为全民抗疫行动增添了更多的温暖力量。
　　随着群众生产生活稳步恢复，围绕“复工”“归来”“生活恢复正轨”等题材的作品正陆续登上各个线上平台。在这段特殊的时期，线上艺展与人们一路相伴，让美好始终在线，那些充满温度的艺术作品，带给人们的是视觉的享受和精神的抚慰，也是“春暖花开终将至”的信心。
　　 （本报记者 荣池）
",positive
16,17,1,闭馆70多天后故宫开启“云直播” 40多万观众共赴“云上”之约,2020-04-06 10:23,"　　北京青年报讯（记者 王岩）为了配合疫情防控，自1月25日起，故宫博物院开始闭馆，至今已70多天。4月5日、6日，故宫博物院联手人民日报客户端等多家媒体对闭馆期间的故宫进行直播，与观众共赴一场“云上”之约，感受故宫春意之美、建筑之美、空灵之美。据悉，这也是有着600年历史的故宫第一次网上直播。
　　直播共分为三场：4月5日上午10点至12点开启第一场，游览路线为午门、太和殿，出右翼门至慈宁宫；第二场直播于4月5日下午4点开始，游览路线为西华门、武英殿、午门展厅、文华殿、宁寿全宫。第三场直播将于4月6日上午8点开始，游览路线为午门、三大殿、东六宫。
　　直播过程中，故宫宣教部的老师为观众讲解故宫建筑的看点以及与建筑有关的一些典故。比如4月5日上午的直播，提到信佛的孝庄皇太后将慈宁宫正殿改造为佛堂，而自己居住在偏殿；下午的直播路过武英殿时，就提到康熙在此智擒鳌拜的典故；进入宁寿全宫时，介绍了乾隆当年在此举办的千叟宴等。此外，直播过程中还会介绍建筑中的细节，如在来到当年存放《四库全书》的文渊阁时，就重点介绍了建筑师为了防火的匠心：包括寓意天一生水的房间设计、壁画上的金龙和玺图案、栏杆上的水中动物等等。4月5日下午的直播延续到了下午6点，早已过了5点故宫闭馆之时，因此通过直播，观众也多了一份“福利”：看到了闭馆之后落日余晖下故宫的壮美。
　　北京青年报记者看到，故宫云直播吸引了众多观众参与，仅人民直播的线上观众就有40多万。在为故宫之美所折服的同时，不少观众直呼不过瘾，表示“讲解有点少”、“多介绍知识点”。
",positive
17,18,1,解码线上新风潮 “云看展”有门道,2020-04-15 11:58,"　　“云看展”在此次疫情期间风行于网络。据国家文物局初步统计，全国博物馆春节期间共上线展览2000余项，1300余家博物馆开放在线展览。在琳琅满目的“云展览”中，哪些“干货”最多？众多选择面前，文博爱好者和普通观众如何选择自己最感兴趣的线上展？其中的门道可不少。
　　识类别 选方向
　　追本溯源，“云展览”源于国家加大公立博物馆开放力度的政策，是从各家博物馆官方网站建设的基础上演变发展而来。随着微信的上线与普及，国家博物馆和故宫博物院在这方面动手较早，分别于2012年和2014年着手创建与运营微信公众号。运营初期只登载简单的展览消息，随后发展为聘请专业人员写作介绍展览的专门文章、再制作成单独的公众号推送发布。近两年来，随着全民看展热潮汹涌，公众号推送文章也“进化”到“云看展”阶段，使线下展览有机会以更加立体的形式走向线上，生动呈现在观众面前。
　　此次疫情推动了全国各大博物馆“云展览”的上线进程，在2020年春节期间，公立博物馆形成了两大类“云展览”：一类是各博物馆的“常规陈列展线上看”，另一类可以说是“云上补救展”。对观众看展而言，是看馆藏精品，还是看主题性较强的专题临展，分清类别才能有的放矢。
　　诸如故宫博物院介绍历代书画、河南博物院介绍青铜器、陕西省历史博物馆介绍周秦汉唐文物的相关展览可算是“常规陈列展线上看”。观众可在线了解“镇馆之宝”级别的藏品。这些“云展览”都是各馆近年来花大力气、长时间投入的项目，可归入精品行列。
　　各馆本来已为春节期间观众看展进行了精心策划，准备了丰富的“文化大餐”，却因疫情闭馆无法将其呈现给观众，只好以“云看展”的方法补救一下，这类展览可称为“云上补救展”。国家博物馆、故宫博物院、上海博物馆、苏州博物馆、南京博物院等，春节期间迅速将临展挪到线上，一些还成为刷屏热门。
　　求进阶 学知识
　　对于想要深入了解展览内容，学习文博知识的观众来说，直播看展与“云课堂”的形式不容错过。
　　前一段时间，在国家文物局指导下，中国国家博物馆、敦煌研究院、南京博物院等9家国家重点博物馆与抖音携手举办“在家云游博物馆”直播活动，观众可随金牌讲解员游览一个专设陈列展。直播看展可以通过3D全景、VR（虚拟现实）、AR（增强现实）、3D扫描等技术手段将线下展览真实呈现出来。
　　如果觉得意犹未尽，在直播结束后，观众可通过博物馆的官方网站更详尽地了解文物背后的历史文化知识。以国家博物馆的《隻立千古——〈红楼梦〉文化展》为例，“云展览”中，文字、图片、手机语音导览相结合，还分别安排了策展人、展陈设计师和专家从不同角度对展览内容进行详细介绍，在“云展看红楼”项目下形成了一个庞大的子系统，称得上是一场红楼文化盛宴。观众通过手机浏览，结合自己的时间与看展需求，可以实现深度看展。例如，在专门介绍“红楼十二钗”的栏目中，观众可以欣赏清朝人物画家改琦的精美插图，实现了展览内容的线上细分。
　　在对文博知识有了一定积累后，不少观众希望进入一个深入学习的阶段，这时一些线上展览的延伸——“云课堂”就能很好地满足这方面需要。国家博物馆推出的“国博好课”，既提供文字、图片等内容，还分享了精彩的音频与视频，由国内外著名专家学者，就历史、文物、考古、艺术等领域的前沿问题和热点学术问题发表演讲。“国博好课”中《试说鎣的功用》以流失海外158年的圆明园青铜器“虎鎣”为例，特别请来馆里已退休的文物专家孙机先生，制作了长达40分钟的音频，揭秘青铜“虎鎣”的功用。在听讲的同时，观众可以在国博官方微信“国博珍藏云欣赏”栏目中，点击进入推送“铜器虎鎣与您打个360°照面”。随着手指的移动，细节逼真的3D虎鎣如在掌中。作为一个长期的线上节目，“国博好课”与“云展览”形成了良好配合。无独有偶，上海博物馆也推出了一系列“云课堂”服务。
　　有趣味 看特色
　　华夏大地历史、地理、人文各方面存在的多元性与差异性决定了各地博物馆拥有丰富多彩、独具特色的馆藏资源，不少博物馆充分发挥地域文化优势，打出“资源特色牌”，满足观众趣味看展的需要。
　　广东素以美食著称，广东省博物馆在今年春节推出“粤博珍宝”线上栏目，专门介绍了老菜单及食谱广告，比如有一则“八千只肥鸡鸣谢启事”，看名字就令居家防疫的人浮想联翩。宁波博物馆则另辟蹊径，推出了一个小巧的线上栏目“每日一物”，每篇介绍一件新中国成立后的日用老物件，让我们重温历史的温度，有温馨有感动有回味。
　　苏州博物馆推出的招牌项目“文徵明的紫藤花”也颇具地域特色。著名文人画画家文徵明曾参与苏州拙政园的设计与建造。480多年前，他在园门附近栽种下一株紫藤，每年仲春都会吸引一些慕名而来的参观者。为此，苏州博物馆近两年在网上发布这株紫藤的最佳观赏花期信息。待紫藤结籽，工作人员小心收藏好，挑选几粒，装入设计好的礼盒中，在网上销售。这样的文创产品，当然是独此一家了。
　　“云看展”不仅应结合本地本馆资源，更需要针对不同观众，根据年龄及受教育程度，开发针对少年儿童的趣味“云展览”项目。目前适合广大青少年的“云展览”还比较缺乏。在这方面，故宫博物院走在前列。为了吸引小朋友，故宫的专门制作团队主攻“漫画带展”形式，既有图文又有动漫视频。比如其官方微信近期的“紫禁城600年，‘老狮’有故事”推送，全文以故宫最常见的汉白玉狮子为主持人，带领孩子们逛故宫，生动有趣。
　　成习惯 积学养
　　“云看展”新方式的普及与迅速推广，给观众看展方式带来了深刻变革。作为观众，不应只把“云展”当作热闹来看，应该逐渐转变观念，把网上看展作为提升自身学识的一种常规模式，提高广泛汲取文化营养的意识。
　　“云看展”最大的优势是足不出户游遍各馆、看遍好展。在快节奏的生活中，这种看展方式无疑最大限度地节省了观众时间、打破了空间局限。但是具有多年博物馆观展体验的观众可能还会觉得，云上展览千好万好，不如自己亲临现场走一走、看一看。到了现场，虽然挡在许多文物上的玻璃罩还是让人有一种距离感，但这种真实的现场感是每一位博物馆爱好者都渴望与痴迷的。因此，随着疫情过后各地博物馆逐渐开放，把线上看展与现场参观更好地结合起来将成为更多观众的选择。
",positive
18,19,1,故宫博物院和中国中医科学院签署战略合作协议,2019-10-04 09:46,"　　新华社北京10月4日电（记者施雨岑）故宫博物院近日与中国中医科学院签署战略合作协议，双方将共同开展清代宫廷中医药文物的科学研究，揭示其文化内涵，挖掘其科学价值。
　　据介绍，故宫博物院收藏有医药文物3000多件，大致可分为药物、药具、档案、药方、仿单等5大类别。清宫医药文物是故宫博物院藏品中重要而富有特色的门类，是清宫医事活动的实物遗存和发展见证，是宝贵的文化遗产，是研究中华医学史、宫廷史的第一手资料。
　　故宫博物院院长王旭东表示，双方将通过合作，充分发挥各自学术资源优势，为弘扬祖国传统中医药学，挖掘中医药的文化价值，不断探索故宫的中医药文化研究与利用的方向与途径。
",positive
19,20,1,故宫博物院10月2日起正常开放 当日客流人数达8万限流线,2019-10-02 18:38,"　　近距离感触过庆祝新中国成立70周年阅兵后，故宫博物院于10月2日重新对外开放。
　　9月11日，故宫博物院发布公告称，“根据工作需要和安排，故宫博物院于2019年9月21日至10月1日，暂停对社会开放。给您参观带来不便，敬请谅解！”
　　10月2日下午，澎湃新闻从故宫博物院官方获悉，故宫博物院于当日起正常开放，客流人数达8万限流线。
　　此外，故宫博物院相关负责人还表示，开放首日参观秩序良好，观众中乱扔垃圾等不文明行为大大减少。国庆假期3日、4日、5日的网上每日8万张门票已经售罄，6日、7日门票还略有剩余，请广大观众及时了解票务信息，调整自己的行程，度过一个愉快的国庆假期。
",positive
20,21,1,防疫优先，景区怎么“玩”？预约游玩成“新常态”,2020-04-19 09:31,"　　图为北京景山公园南门入口处摆出非预约游客请勿入内指示牌。该园自4月1日起实行网络预约购票，现场不再售票。记者 曲欣悦 摄
　　阅读提示
　　随着新冠肺炎疫情日渐平稳，防控进入常态化阶段。刚刚过去的清明小长假，民众日渐增长的出游需求凸显。如何在做好防护同时，有效疏导民众需求，做到复工防疫两不误，为游客提供安全快乐的旅游体验，成景区现在和未来相当一段时间需解决好的首要命题。
　　预约购票、刷码入园、检测体温……完成这一系列流程后，北京市民黄女士时隔3个多月又来到景山公园游玩。提前两天，她就在微信公众号预订4月6日上午时段门票。此时，公园门口电子屏显示在园人数为447人，工作人员正在提醒游客出示手机中的购票二维码。游客扫码入园时也将进行体温检测，一旁的售票窗口已关闭。
　　今年春节以来的新冠肺炎疫情给各行业均带来不同程度影响，景区受到的冲击首当其冲。春暖花开，疫情稳定，各地景区相继出台并创新优惠措施促进旅游业恢复。刚刚过去的清明小长假，许多人迎来久违的踏青之旅，多地景区客流快速上升。4月13日，文化和旅游部、国家卫生健康委联合印发《关于做好旅游景区疫情防控和安全有序开放工作的通知》，要求疫情防控期间，接待游客量不得超过核定最大承载量的30%。一面是各地景区亟待回温，一面是不容松懈的防疫形势，景区如何做到复工防疫两不误？
　　预约游玩成“新常态”
　　4月15日上午，《工人日报》记者在北京景山公园南门入口处看到，有游客因购买下午时段门票并未能在上午入园。“要不您先到后海逛逛，下午再过来。”工作人员解释道，由于公园严格按照上午、下午两个时段限定门票数量，即便预约当天门票，不在固定时段也无法扫码入园。
　　记者发现，为有序安排错峰出行，在全国多个景区，预约制也正在和测体温、戴口罩一样成为进入必选项。
　　截至目前，北京市属公园中有颐和园、香山、玉渊潭、北京动物园、景山、陶然亭、北海等7家公园取消现场售票，实施网上预约购票。正值赏花季，玉渊潭公园等门票预约火爆，休息日等高峰期常出现预约不上的情况。
　　3月22日14时16分，颐和园达到往年平日瞬时最大承载量的30%(8000人)，颐和园立即启动限流措施，游客暂缓入园、只出不进。预警信息也第一时间公布在公园各门区电子公告屏和官方微博。疫情期间颐和园制定限流管控黄、橙、红三级预警。
　　北京市公园管理中心副主任张亚红在北京市新冠肺炎疫情防控工作新闻发布会上介绍，清明假期，市属11家公园总游客量比去年同期减少70%，游客分布均匀，游园体验感好，游客游园时都能配合测体温、戴口罩，“能取得这样的效果，很大程度得益于市属公园采取网上预约购票、分时入园举措，进行远端限流，提前引导。”
　　“预约购票可让公园管理者提前获悉客流量的发展态势，根据旅游景区承载量对客流进行把控，制定应对方案。”陕西省社会科学院文化旅游研究中心主任张燕认为，随着智慧旅游措施的完善，景区预约制可能在未来成为一种常态化管理方式。
　　客流回升呼唤智慧防控
　　“6月30日前，市民和游客在法定节假日和休息日可免费乘坐地铁、公交车；除按规定暂缓恢复开放的景区、景点外，国有A级景区向市民、游客免费开放，鼓励非国有A级景区参加免费开放活动……”近日，福建省厦门市针对旅游会展住宿餐饮业出台11条促进措施。
　　打出优惠牌的不只有厦门。全国多个景区都根据当地实际情况，出台优惠政策。
　　3月初，西安市提出旅游景区恢复开放3个月内，各大国有3A级以上景区全部免费；同时鼓励3A级以上非国有景区免费开放，于是华清宫、大唐芙蓉园等热门景区预约火爆。
　　3月13日，杭州市明确5月1日前，符合疫情防控要求的国有A级景区向境内外游客实行免门票开放，鼓励宾馆提供五折房费降价优惠。
　　在各地优惠政策推动下，清明小长假旅游客流迎来较大增长，省市周边游复苏迹象明显。携程发布的《2020清明小长假复苏报告》显示，4月周边游产品预订人数是3月的3倍，主要集中在清明节期间和周末。
　　近日，一些旅游景区在恢复开放期间出现游人扎堆现象，增加疫情传播风险。有专业人士认为，利用科技手段提前做好引导和预警工作仍是景区防疫重点。今年，北京首次在手机应用软件高德地图推出11家市属公园园区游客密度指数查看服务，发布公园实时客流信息，引导游客错峰出行，避免拥堵排队。
　　北京工业大学文化创意产业研究所兼职教授、资深旅游专家张建林对《工人日报》记者表示，景区促销力度加大之后，很容易聚集人流量，建议景区在限流同时，减少游览时聚集程度，可根据空间特点、景点布置情况等，设计能减少游客停留的游览线路。
　　“预计‘五一’还会出现新的出行高峰，因此各大景区需要实施更为科学、完善、严密的疫情防控措施，通过扫码登记、预约入园等，合理控制客流密度；通过线上购票、电子支付，减少人与人的接触。”张燕说。
　　疫情防控促景区转型
　　4月5日上午10时，一场特殊的“云游”在故宫博物院开启。两位讲解员行走在没有游客的紫禁城，通过移动直播让万千网友领略到闭馆期间故宫的春日之美。据统计，云游故宫直播观看和播放量破1100万人次。故宫博物院院长王旭东表示，直播活动为故宫深入思考闭馆期间如何“开放”提供契机。
　　此前3月1日，布达拉宫首次举办网络直播，1小时内观看人数超百万人次。近一段时间，各地博物馆推出逾2000余项网上展览，总浏览量超50亿人次。
　　据前述两部委通知要求，旅游景区只开放室外区域，室内场所暂不开放。对此，张建林表示，创新体验模式和打造衍生产业链等将成更多室内景点选择。“疫情之前，好多企业虽看到机遇，但投资驱动力不大。疫情发生后，线上经济、网红直播带货等势头汹涌，让景区投资者看到利好。”张建林认为，危机也是转机，景区传统文化是IP源动力，高科技是提升旅游体验和品牌的杠杆，结合现代经营理念，才能助推景区转型升级。
　　“受疫情影响，多地推出景区门票免费政策，迫使很多景区研究如何摆脱对门票经济的依赖。”张燕建议，景区应努力延长产业链，发展餐饮、演艺、文创、住宿等服务，因地制宜寻找新的盈利发展模式，推出新的旅游产品，寻找新的增长点。（记者 曲欣悦）
",positive
21,22,1,“云游博物馆”走红网络 博物馆数字化进程加快,2020-04-05 05:30,"　　近段时间以来，“云游博物馆”成了博物馆界的热词。新冠肺炎疫情防控期间，很多处于闭馆状态的博物馆利用“云端”发布馆藏、介绍展览、开设网上展厅等，丰富了人们的文化生活。当前，数字博物馆发展迎来了全新的机遇和挑战。
　　“云游博物馆”
　　渐成生活新方式
　　“欢迎大家观看四川广汉三星堆博物馆的直播，这是‘我堆’新馆首次开放，重量级国宝即将亮相……”这是三星堆博物馆的一场网络直播，工作人员手持云台跟随讲解员拍摄，讲解视频通过5G网络传输到直播平台，成为新冠肺炎疫情防控期间博物馆的独特风景。
　　近年来，我国各大博物馆纷纷加快数字化建设。中国国家博物馆原副馆长陈履生说，博物馆建立数字资源库，利用“云端”发布馆藏、介绍展览、开设网上展厅等，这些都是伴随互联网新技术兴起的常规方式。近年来，人们将这种网络形式称为“网上博物馆”——既拓展了博物馆专业范围，也适应了数字化时代的发展要求，更扩大了受众人群以及社会影响。在新冠肺炎疫情防控期间，博物馆数字化更是得到了很大的发展。
　　为防控新冠肺炎疫情，国家文物局通过新媒体和虚拟现实等手段，满足观众在线观展的需求。登录国家文物局政府网站“博物馆网上展览平台”，观众可以观看“十大精品展”“历史类”“艺术类”“自然科学类”“出入境展览”等类别展览，也可以在地图上选择不同省份，观看当地举办的展览。值得一提的是，部分近年来的中国文物出境展也收录其中，例如在纽约大都会艺术博物馆展出的“秦汉文明展”、在英国利物浦国家博物馆举办的“秦始皇和兵马俑”、在荷兰国家军事博物馆举办的“成吉思汗展”等，满足不同观众的多样化文化需求。截至目前，“博物馆网上展览平台”收录的展览数量有200多个。
　　在线直播，成为“云游博物馆”的又一热门方式。黄河沿线九省博物馆在直播平台亮出“镇馆之宝”，开展“云探国宝”在线直播活动，3天9场共计530分钟的直播，吸引了1253万网友的围观；中国国家博物馆、甘肃省博物馆、良渚博物院、苏州博物馆、西安碑林博物馆、敦煌研究院、三星堆博物馆、中国蔬菜博物馆等八大知名博物馆集体上线“云展览”，吸引千万人次观看。
　　业内人士指出，疫情防控期间，博物馆纷纷通过门户网站、移动客户端、微信小程序等，搭建“云展览”、网上博物馆，实现博物馆陈列展览、精品馆藏、相关知识图谱等内容的数字化、创意化、可视化，加快了博物馆数字化进程，“云游博物馆”渐成疫情防控期间文化生活新方式。
　　展示和互动手段
　　需要更丰富
　　“足不出户，浏览博物馆。”在博物馆爱好者、中学历史老师南洋看来，“云游博物馆”满足了他细看展、精看展的需求，也给他备课、讲课提供了丰富素材。
　　“云游博物馆”不受时间和地点限制，节省了时间和费用，成为疫情期间公共文化服务的一大亮点，但与此同时，也对博物馆数字建设提出了更高的要求。有观众反映，一些网上博物馆展示手段需要更丰富、设计需要更美观。还有观众表示，网上展览可以再多一些互动体验，激起观众深入探索的兴趣。
　　相关人士指出，就目前数字博物馆建设而言，存在静态展示多，动态展示少；简单介绍多，深入解读少；利用传统技术多，利用最新技术少等现状。陈履生指出，博物馆应该在线上把各种活动开展起来——在前几年已完成的全国性可移动文物普查所积累的数字资产基础上，开放更多藏品资源，让公众看到过去所未见：或是过去看得不够仔细，如今通过网络能看到一些细节；或是回顾之前所见，进一步加深理解和认识。
　　“云游博物馆”，并非简单直接地将线下展览、博物馆搬到网上，相关方需要在视觉呈现、展品设计、观众互动等方面整体设计，这些都需要资金、人才等的支持。目前来看，与一些起步快、资金相对充足的大型博物馆相比，中小型博物馆在这轮数字化发展中还有提升空间。国家博物馆馆长王春法就指出，博物馆管理和运营更加智慧化、定制化和科学化，特别需要一大批既懂博物馆业务又懂信息技术的高端复合型人才参与。由于项目周期更长、科技含量更高，智慧博物馆建设需要更多的资金和人才。
　　此外，王春法建议：“受到诸多因素制约，国内博物馆信息化的发展水平总体上仍滞后于社会信息化发展水平。产生这种问题的原因之一，就是缺乏智慧博物馆建设的统一标准。如果每个博物馆都有自己的标准和做法，未来博物馆间的交流和展览文物数据的应用、互鉴、IP授权都将会受到极大的限制。智慧博物馆不是简单的建立一些应用系统和多媒体展示，而是需要一整套‘人+物+应用+管理’的多端融合体系，需要在统一标准体系下，结合各自博物馆实际有序建设。”
　　以创意引领
　　数字博物馆建设
　　“闭馆不停服务”，敦煌研究院运用互联网技术手段，持续在微信、微博、网站等平台开启“云游”莫高窟新模式，发布“‘数字敦煌’精品线路游”“敦煌文化数字创意”等一系列线上资源，为观众“零距离”感知敦煌文化搭建平台。敦煌研究院院长赵声良说，“这次疫情对博物馆界提出了新要求，我们应该广泛运用新技术，借助5G和云计算带来的高速率的传输，构建线上线下相融通的传播体系，输出更多精品数字传播内容，用匠心呵护遗产，以文化滋养社会。”
　　从长远来看，加快数字博物馆建设将成为趋势。博物馆积极探索创新数字博物馆建设，让博物馆离观众更近。故宫博物院推出“云游故宫”，观众打开故宫博物院官网和官方微信便能随时随地来一场“深度游”。“全景故宫”栏目，以高清影像记录故宫各个院落，观众可浏览包括开放区域以及养心殿、重华宫等暂未开放区域的外部空间和内部空间。在“V故宫”栏目，观众可以身临其境般地深度探访养心殿、乾隆“秘密花园”中的倦勤斋等宫殿。在“博物馆网上展览平台”首页，“十大精品展”吸引了众多观众的注意。“南昌汉代海昏侯国考古成果展”“寻找致远舰”“延安时期的从严治党”等十大精品展览，以统一的视觉设计、丰富的展示手段呈现。观众不仅可以看到展览图文、视频展示，还可以进行VR全景体验。
　　互联网时代，创意显得更为重要。与知名的大博物馆相比，中小型博物馆可以在创意上下功夫，做好观众的互动和体验，增加用户黏性。这方面，国外博物馆的做法值得借鉴。荷兰阿勒姆的弗兰斯·哈尔斯博物馆有着新奇的线上展厅。观众除了观赏画作外，还能参与一些颇具巧思的互动小游戏。新的视角、新的创意，无疑给观众带来了全新的体验。
",positive
22,23,1,【8点见】商务部：中国没有也不会限制医疗物资出口,2020-04-06 06:35,"　　央视网消息：每天8点，央视网为您梳理24小时内发生在咱们身边的大小事儿。
　　【聚焦】
　　●商务部：严控医疗物资出口质量，维护“中国制造”形象。
　　●国家卫生健康委：现有本土重症病例降至300例以下，救治效果明显。
　　●海关总署：3月以来共验放出口主要疫情防控物资价值102亿。
　　●市场监管总局：从严从重从快查处妨碍复工复产垄断行为。
　　●我国债券市场一季度共发行债券12万亿元，民企净融资规模创近3年来新高。
　　●全国房屋建筑和市政基础设施工程开复工率超过85%。
　　【海外疫情】
　　●美国禁止N95口罩出口加拿大，安省省长：友谊的小船说翻就翻。
　　●法国死亡病例增至8078例，累计住院患者达51557人。
　　●意大利“封城令”或延至5月。
　　●受新冠肺炎疫情影响，荷兰多家餐馆停业，约100万吨土豆滞销。
　　●巴西新冠肺炎确诊超万例，众议院通过“战争预算”宪法修正案。
　　●伊朗三分之二的政府雇员将在4月11日起在家工作。
　　●土耳其日增确诊病例逾3000，土航停飞所有航班。
　　●希腊出现第二个具有新冠肺炎病毒感染者的难民营。
　　【博览】
　　●英国女王发表全国电视讲话，号召以“团结和坚定战胜病毒”。
　　●外媒：俄罗斯与沙特再起口水战，OPEC+会议或将推迟召开。
　　●俄联邦安全局特工击毙一名试图发动恐袭的男子。
　　●意大利拟扩大黄金权力法范围，防治外资恶意收购关键企业。
　　●韩联社：美侦察机近期多次现身朝鲜半岛上空。
　　●哥伦比亚中部一煤矿产区4日发生连环爆炸事故，造成11人死亡、4人受伤。
　　【百态】
　　●国务院安委办通报郴州脱轨事故：致1死120余伤，初步判断为泥石流滑坡引起侧翻。
　　●北斗三号最后一颗全球组网卫星运抵发射场，将于5月发射。
　　●多所高校2020年艺术类专业校考调整方案出炉。
　　●北京市政府新闻发言人表示，北京很有可能较长时期处于疫情防控状态。
　　●河南将为7316户建档困难职工发放防疫生活补贴。
　　●上海已有2.5万余家餐厅承诺推广公筷公勺。
　　●广州推广居家追思、网上拜祭，节地生态安葬率达84%。
　　●黄山景区进山人数连续2天达到游客流量限制两万人。
　　●鄱阳官方回应部分医护被收回抗疫补助：天数需重核。
　　●科学家发现亚洲最古老沙鸡化石，揭示600万年前青藏高原生态。
　　【视觉】
　　●4月5日，闭馆中的故宫博物院联合多家媒体，首次进行网络直播，让观众在家就能感受故宫的美。据悉，本次直播在4月5日和6日进行三场。
　　●4月5日，在湖北省李家河镇塘坊易地扶贫搬迁安置点的童话工艺“扶贫工厂”里，务工人员制作玩具。
　　【声音】
　　●经过3个月的努力，新冠肺炎疫情在中国获得一定程度的控制，中国进入到低危险阶段。当然了，低危险不等于没有危险，有些国家现在疫情还比较严重，我们要特别注意一个情况，外来输入进一步在中国产生更多的感染的问题。
　　——中国工程院院士钟南山
　　●中国有句古话叫“滴水之恩，涌泉相报”，我们不会忘记在抗击疫情之初，许多国家对我们施以援手。因此在中国疫情防控形势向好，国外疫情加速蔓延之际，我们愿意在做好国内疫情防控的基础上，对有关国家和地区提供我们力所能及的支持和帮助，加倍回馈国际社会，因此中国没有也不会限制医疗物资出口。
　　——商务部外贸司一级巡视员江帆
　　明天8点见！
",positive
23,24,1,北京：隆福寺二期项目进入主体结构施工阶段,2020-03-26 17:45,"　　央视网消息：在湖北以外地区，一方面继续做好疫情防控，另一方面，复工复产也在加速推进。在北京，隆福寺二期改造项目已于2月24日正式复工，复工一个月后，昨天（25日），工程进入主体结构施工阶段。
　　记者在东四路口西北角的施工现场看到，40多名工人和管理人员正紧张忙碌着，东四地铁站织补地块首桩正式开钻，这意味着该工程开始进入主体结构施工阶段。织补工程是要将地铁6号线施工完成后在东四站遗留的空地进行重新建设，经过“织补”的地块将与周边城市风貌协调统一，融为一体。
　　隆福寺项目位于北京市东城区，总占地面积约15.5公顷。这里曾经是老北京的商业中心之一，吸引了一代代市民来此购物休闲娱乐。进入新时代，隆福寺区域的功能业态开始跟不上时代的步伐。从2012年开始，隆福寺地区开始筹备转变，随后的数年中，按照首都城市战略定位和北京城市总体规划，隆福寺地区进行了风貌保护和业态更新。隆福寺改造项目分为一、二期。一期已于去年8月完成改造并投入使用，初步在该区域形成了文化金融企业办公场所和文化创意园区。二期项目涉及东四地铁站织补项目、隆福广场、长虹影城以及公共空间的街区整体提升改造，总建筑规模约10.17万平方米。其中，隆福广场在未来将与故宫博物院合作，打造故宫博物院数字文化体验地；而长虹影院项目将引入科技手段，打造以全实景航拍飞行影院为核心的文旅商复合空间，实现沉浸式体验。
",positive
24,25,1,“云逛”博物馆 却被这些“代言人”圈了粉,2020-04-19 03:11,"　　这段时间，不少网友在家“云逛”博物馆，意外被“代言人”圈了粉。中国国家博物馆的萌熊、陕西历史博物馆的唐妞、观复博物馆的观复猫……这些憨态可掬、萌趣十足的“代言人”打破了博物馆给人“一脸正经”的印象，在拉近和观众之间距离的同时，像真人“爱豆”一样，顺势推出周边文创产品，让粉丝大呼过瘾。
　　有职务的喵星人 圈住低龄小粉丝
　　说起国内的博物馆“代言人”，诞生最早、名气最大的当属故宫猫。故宫里有约200只宫猫，每一只都有名字，有“编制”，不仅衣食无忧，更被游客千宠万爱，频上媒体头条。据说紫禁城这个世界上最大的木结构建筑群从来没有鼠患，有故宫猫的大功劳。所以，它除了卖萌属性，还有功能属性。
　　宫猫如此尽职，故宫也待它不薄。继故宫博物院开发了“故宫猫”系列文创产品之后，故宫出版社又推出了第一套以故宫猫为原型的亲子绘本，第一季包括《月圆之夜》《冰天雪地》两个故事，还附有明信片、拼图玩具、猫偶盲袋、立体贺卡、绘图本等。就这样，故宫猫在自身的“努力”和故宫的“力捧”下，声名鹊起。
　　除了故宫猫，喵星人在博物馆安插的“代言人”还有观复博物馆的“观复猫”。2003年，现任馆长马未都收养了一只流浪的中华田园猫，取名“花肥肥”；此后十几年，观复博物馆又陆续收养了多只流浪猫，起的名字也是成系列的，“黄枪枪”“黑包包”“麻条条”“蓝毛毛”……
　　“观复猫”的品牌随之创立起来。每只猫都有职务，包括“馆长”和“馆员”等，有专门的办公室，还有了漫画形象。它们出现在文创产品和图书上，还成为文化节目、儿童剧的主角，俨然已是大IP。
　　“猫馆长”声誉日隆，给观复博物馆带来的变化也是明显的。博物馆主要展出陶瓷、家具等传统艺术品，以前去那儿的观众以中老年人为主，自从有了“观复猫”，家长更愿意带着孩子一起来玩。
　　巡山汪星人 观众求“偶遇”
　　除了喵星人，汪星人也大驾光临。敦煌莫高窟就意外捧红了“乐乐大王”。起因是敦煌研究院莫高窟的官方微博发了一条消息，因窟区降雨夹雪，栈道积水严重，莫高窟暂停开放，“窟霸”乐乐大王早起巡山已回。配图是“乐乐大王巡山图”：一只浑身被泥水湿透的小狗坐在办公室的地板上，身后还有一串小脚印。
　　“窟霸”“巡山”这样霸气的词语，与一脸委屈的落汤小狗，形成了反差萌，微博发出数小时就有了万余条评论，乐乐俨然成为“莫高窟代言狗”。它的身世也被媒体挖出，原来，乐乐是一只莫高窟长大的流浪狗，由工作人员喂大，每天早中晚都会绕着窟区走一圈。养他的工作人员退休后想把乐乐带回城里，没想到回去的第二天，它却徒步走回20多公里之外的莫高窟。
　　乐乐“出道”之后，莫高窟十分器重这位免费“代言人”，陆续开发了“乐乐大王”系列的铜制书签、胸针、渔夫帽等文创产品；“乐乐大王窟区播报”成为微博信息发布的常规栏目，日常发乐乐工作照（卖萌图）这种吸粉手段就不用说了。显然，乐乐的生活也受到了“优待”，一张近况照片里，它瘫躺在地上露出圆滚滚的肚皮，官博无奈说：“大王现在可能有点膨胀。”
　　从此，去莫高窟除了看壁画看雕塑，与乐乐“偶遇”也被网友排上了日程。
　　虚拟代言人源自“蠢萌”馆藏品
　　有着自然环境的博物馆捧红“动物真身”有天然的条件，对于室内博物馆来说，就需要靠“虚拟代言人”了。
　　中国国家博物馆的“萌熊”原型是现藏于馆内的1952年在安徽省合肥市汉墓中出土的一对鎏金熊形青铜镇。魏晋以前，古人于室内皆为席地而坐，同时起身落座时为了避免席角折卷，就在其四隅压镇。而多被做成动物形的汉代青铜席镇，则有虎、豹、辟邪、羊、鹿、熊、龟、蛇等常见题材。它们构图紧凑，造型生动，件件堪称精巧的工艺品。这一对鎏金熊形青铜镇，短耳竖起，双目前视，昂首张口，长嘴前伸；其前肢自然上举，后肢弯曲，把肥大体态之熊的造型处理得憨厚可爱而并不蠢笨。
　　如今由青铜熊镇演化出的萌熊，推出了扩香石、水晶球、果冻包、保温杯等多款周边，让粉丝忍不住边看边被“种草”。
　　陕西历史博物馆的“唐妞”原型为陕西历史博物馆馆藏的“唐粉彩仕女佣”。在博物馆的第三展厅中，陈列着大量的唐代仕女俑，以彩绘俑和三彩俑为主，大小不一，姿势不同，发型和服饰各具千秋。唐妞高髻蛾眉，面如满月，体态丰满，身穿宽袖长裙，非常符合当年审美，放在今天也是个萌萌的胖美人。
　　当国画和漫画相融，文化与艺术碰撞，唐妞在“簪花仕女图”“观鸟捕蝉图”中展现出可爱一面，衍生出了女士丝巾、胶带、公仔、冰箱贴、异形交通卡等多款产品。俘获了一众粉丝的芳心。
　　苏州博物馆的文创产品走的是“精致高雅”的路线，明四家之一的“唐寅”，其卡通化之后的形象在一众雅致中以卖萌“出圈”。创意袋泡茶巧妙地通过唐寅的姿势将其挂靠在茶杯之上，从而出现泡澡、醉酒、举杯等姿态。用一杯茶的时间，放松身心，“品味”唐寅多姿多彩却又浪漫潦倒的一生。
",positive
25,26,1,文化产业拥抱数字化转型 解码线上新风潮,2020-04-01 17:15,"　　三月二十八日，山东烟台第二届市民文化节开幕，在活动分会场之一的烟台市胶东民间艺术博物馆，工作人员通过网络直播向观众介绍虎头帽。
　　唐 克摄（人民图片）
　　3月28日，福建厦门同安锡雕项目市级非遗传承人庄亚新在厦门同安传统锡雕技艺传习中心开展线上直播，传播非遗技艺。
　　苏华琦摄（人民图片）
　　钟书阁书店供图
　　新冠肺炎疫情暴发给文化领域带来不小的冲击，但也带来了转型升级的新契机。线上文化领域涌现出许多新型业态，线上文化产业、线上公共文化服务等打开新空间，迎来新机遇，迈上新台阶。自本期起，本报推出“解码线上新风潮”栏目，解读线上文化发展新动态，助力从业者把握文化领域新机遇。
　　——编 者
　　线上文化活动表现抢眼
　　新冠肺炎疫情期间，全国居民都成了“宅男/宅女”，各种带有“宅经济”属性的线上消费行为出现爆发式增长，成为疫情期间消费领域最为显著的变化。最能够体现这一变化趋势的数据是，1月至2月，移动互联网累计流量达到235亿GB，同比增长44.2%。线上新兴消费热度猛增，虽然是特殊时期的特殊现象，但社会各界均意识到这样一个问题——数字化转型和数字化消费的潜力还远未被充分挖掘，消费升级的空间仍然大有余地。
　　在文化活动方面，诸多原本发生在线下的集聚型文化活动被搬到线上。“云博物馆”“云旅游”“云音乐会”等在疫情期间不断涌现，人民网、字节跳动、腾讯以及各地政府对“云端展会”“云端论坛”首次进行了大规模实验，各地景点基于VR和全景视觉技术开发线上游览平台并向社会投放，消费者居家期间的文化需求在网络时空中得到一定填补。如故宫博物院推出了“VR 故宫”“全景故宫”“云”游故宫观展，敦煌研究院也利用数字资源推出了“数字敦煌”精品线路游、“云游敦煌”小程序等一系列线上产品。此外，移动游戏、短视频平台、社交网络等媒介在全民居家时期的全线爆发，使得线上文化产业发展表现抢眼。
　　在文化生产方面，线上办公新形式迅速普及。数字化技术的运用带来新的社会认识，培养了新的消费习惯，创造了新的效率增长空间。这意味着线上教学、办公、教育、培训、咨询服务乃至工业生产等业态，将会迎来更深刻的发展机遇，从而进一步影响文化企业的生产和办公方式。疫情期间，多家服务商向社会免费开放远程办公产品，从而帮助减少人员流动，其中包括阿里巴巴的钉钉、华为云的WeLink、腾讯的腾讯会议、字节跳动的飞书、国外远程办公及会议软件zoom等。这为文化产业的远程办公与云协作提供了可能。不少艺术设计、网络文学、游戏设计等对计算机技术具有较高依赖度的行业通过云办公的方式实现复工。
　　消费习惯是重要考量
　　随着疫情防控取得阶段性重要成效，经济社会秩序加快恢复，在涨潮过程中产生的新兴产业，有的会退潮，有的会进一步升级，融入今后的社会生产体系。
　　由于眼下的科技手段还无法完全还原集聚型文化体验活动中的“现场感”，因此，线上观展、线上音乐会、线上旅行，暂时还无法取代线下的同类活动，大部分是疫情下的过渡“解决方案”。以摩登天空的“云音乐节”为例，尽管首日上线直播便取得了观看人数131万的优异成绩，观众对线上演出也给予了极高评价，但就像部分音乐人曾经尝试直播，最终却未能取得理想效果一样，线上音乐会无法提供在演出场馆观看、向音乐家致敬的仪式感；线上演唱会也无法提供体育场等演出场馆中，与身边人一同合唱的满足感。同理，线上旅行也无法提供目的地阳光、湿度、风力、声音等在地元素所带来的收获感。这些“现场感”难以替代的新兴产业门类，人们的文化消费习惯尚未颠覆，疫情之后会逐渐恢复原状态。
　　对影视业而言，部分原有运作模式在数字空间中被改写与超越。最典型的案例是春节前夕，徐峥导演的新作《囧妈》放弃院线上映的计划，转投今日头条进行线上免费首映（播放）。在此之后，《肥龙过江》《大赢家》等电影也陆续选择在线上视频平台进行放映，不再将院线作为首映选择。这一模式在音乐领域已有实践，10年前中国的音乐产业便已经历了从传统唱片到数字化发行的转变，而这一过程现在将要在电影产业再发生一次。尽管院线放映（包括艺术电影院线）的观影仪式感强、舒适度高，也有足够的消费黏性，但线上发行就商业角度而言有着很强的吸引力。因此，电影业的发行方式在疫情之后估计还会进一步发生变化，发行方式如何博弈，是此次疫情留给行业的问题之一。
　　疫情之后，文博行业会恢复如初，虽然博物馆馆藏的数字化工作经济效益并不高，但这并不影响各大博物馆继续积极推进馆藏数字化、展览数字化、参观数字化的进程。一方面，数字化进程是新时代传承中华优秀传统文化的新要求。另一方面，馆藏文物内容是优秀传统文化的凝结，利用数字化技术“再造”馆藏文物，既能有效助推艺术创作和文化表达的中国化，又有助于社会创新要素在社会中的充分涌流。疫情过后，这类举措应通过财政预算设计、政府购买或自筹经费等路径继续大力推进。
　　站在变革的十字路口
　　在对疫情之后一些新型业态的变化走向有了基本的判断之后，还要从需求的角度思考疫情之中新现象、新业态频繁涌现的动因是什么，即审视疫情前后消费者的接受习惯变化。尽管上述新业态和新消费形式的快速发展的确对疫情期间消费市场的增长作出了巨大贡献，但“电商”仍是回补消费最重要的来源。
　　根据国家统计局测算，2019年实物商品网上零售额8.5万亿元，对社会消费品零售总额增长的贡献率超过45%。由此可见，电商是近几年来消费市场发展的重要助推器，是消费者当下最为依赖的消费入口、渠道和平台。疫情期间，电商平台更是取得了更大的突破——2月份淘宝直播商家获得的订单总量，平均每周都以20%的速度增长，成交金额比去年翻倍。
　　数字化时代，营销思维受到的外部冲击是巨大的，夺目的业绩增长是外在表现，内里体现的则是近乎白热化的营销策划竞争。以“带货”为代表的社交电商成为数字化时代奇迹出现之地。直播带货，是营销过程中最应被重视的入口和平台，这是由社交平台和电商平台占据了我们近80%手机使用时间的社会习惯所决定的。
　　从中也可以看出，数字化是抵抗产业脆弱性的关键一招。对于文化产业而言，疫情中涌现出的新业态越多，则说明我们原本的数字化程度越低，遭受到的冲击也就越大。随着5G时代到来，消费者一定会向数字空间索取更多的产品和服务。若文化产品和服务生产者无法提升开展线上业务的能力，制定适应新商业环境的营销策略，无论是怎样剧烈的洗牌期，都会成为退潮后裸泳的那一个。
　　也就是说，在信息化发展继续加速的时代，文化产业站在了发展变革的十字路口。公共部门与市场能否真正拥抱数字化转型，为更广泛的数字化文化产品、文化服务和文化体验付费、买单，将在很大程度上决定疫情缓和后文化产业的发展走向。
　　（作者为中国传媒大学文化产业管理学院院长）
",positive
26,27,1,全国各地博物馆推出线上服务 防疫展览两不误,2020-03-03 04:53,"　　一场突如其来的疫情，迫使全国各地的博物馆暂时闭馆。
　　然而，这次超长时间的闭馆，对文博人来说并非“超长待机”，而是一次非常规的“紧急集合”。鼠年春节，文博人为了战“疫”，撸起袖子大干了一场。
网上送展，温情不打烊
　　闭馆，让许多人“博物馆里过大年”的计划落了空。
　　就在人们发愁的时候，国家文物局组织各地博物馆，利用已有数字资源推出了网上展览，向公众提供安全便捷的在线服务，实现足不出户看展览。
　　国家文物局官方微博推出“线上约会博物馆”话题，推送全国博物馆网上展览资源示范项目。国家文物局博物馆网上展览平台紧急扩充内容，截至3月1日，共有300余家博物馆、370余个线上展览项目在平台发布，相关内容还在持续更新发布中。
　　全国博物馆积极行动。初步统计，已有1300余家博物馆通过网站、微博、微信线上展览2000余项。微博成为“云观展”重要阵地，各级博物馆官微高频推送线上展览，已生成7个“云观展”相关微博话题，有139个文博官微发布“线上云观展”相关微博，推送线上展览博文2320余条。故宫博物院的“全景故宫”、中国国家博物馆的“展览线上数据库”、敦煌研究院的“数字敦煌”，以及侵华日军南京大屠杀遇难同胞纪念馆和西安秦始皇陵博物院的虚拟展览平台等精品在线展览项目，广受欢迎；北京、上海、浙江、广东、江西、陕西、宁夏等地通过各种方式和渠道，汇总当地在线文博资源，集中推出“云看展”，方便公众准确便捷上网浏览。
　　北京、河北、吉林、浙江、江西等省（市），以及苏州市都建立了博物馆大数据云平台，公众可以用手机直接欣赏展览和藏品。各地博物馆利用动漫、游戏、VR、AR等新形式、新技术，不断更新丰富网络文化资源，提供全息影像欣赏、虚拟触摸、沉浸式体验服务，吸引了一大批博物馆粉丝。
　　博物馆还与社会力量合作，创新传播方式，在闭馆期间提供多样化、个性化服务。2月20日，由国家文物局指导，抖音联合中国国家博物馆、敦煌研究院、南京博物院、湖南省博物馆、浙江省博物馆、辽宁省博物馆、山东博物馆、山西博物院、广东省博物馆等九家博物馆，推出“在家云游博物馆”直播活动。各馆派出强大讲解员阵容，同时邀请跨界嘉宾参与，直播讲解本馆重要线上展览，让观众足不出户欣赏珍贵文物。线下闭馆，线上开花，温情不打烊！
网上课堂，精彩不缺席
　　“亲爱的小朋友，你好。我是故宫博物院院长王旭东。欢迎你来到《我要去故宫》微课堂，跟我一起走进故宫，探寻这座古代宫廷的魅力……”这段1分27秒的音频，是王旭东院长专门为小朋友们录制的。《我要去故宫》微课堂是故宫博物院与中信出版集团精心为孩子们准备的线上故宫课程。以新颖的形式，深入浅出的讲解，带领孩子们了解故宫的宫廷建筑、历史文化、文物精品。
　　春节期间，记者偶然进入了“从博物馆看到的大千世界——河南博物院历史教室线上课堂”，立即被吸引。第一课《牙齿的故事》，从博物馆珍藏的一颗南召猿人牙齿化石讲起，介绍牙齿化石的发现、如何鉴定牙齿化石、历史上世界各国治疗牙病的种种奇特的方式，进而引出今人对牙齿健康的关注，从历史讲到当下，语言活泼生动，知识性、趣味性兼具。
　　新四军江南指挥部纪念馆为了使爱国主义教育不断档、不掉线，更好地弘扬水西精神、传承红色基因，在疫情防控期间持续推出“聆听红色故事”系列，每一期都会通过图文并茂的形式讲述一个红色故事。目前已推出《身陷囹圄、绝食殉国、铁骨铮铮、浩气长存——巫恒通》《战火鸳鸯传家书——罗忠毅致岳母的家书》《妙手执刀救英雄——崔义田的故事》等9篇红色故事。
　　西安秦始皇陵博物院开馆40年来首次闭馆谢客。但他们特别推出线上教育活动——秦俑百问微讲堂、欢乐博物馆微教室，让观众换种方式了解秦文化。秦俑百问微讲堂从2月12日起，周一至周五每天推出一期，针对秦陵博物院对外开放40年来观众最感兴趣的问题，由专业讲解员以音频的形式进行解答，每期1名讲解员、2个问题。欢乐博物馆微教室，从2月15日起至3月28日，每周六推出一课，讲解秦俑、秦小篆等知识。
恢复开放，防控不松劲
　　2月下旬，按照中央有关部署，在各级党委、政府领导下，各地文博单位采取有效举措，保障复工并逐步对外开放。
　　多地文物部门出台相关政策和工作指南。如浙江省文物局组织编制《浙江省新冠肺炎防控博物馆有序开放操作指引》，陕西省文物局、江苏省文化和旅游厅、贵州省文化和旅游厅等，也发布了相关文件。
　　根据国家文物局介绍，目前开放的多为室外文博单位。如南京中山陵景区、明孝陵景区、扬州瘦西湖景区、杭州西湖景区、良渚古城遗址公园、江西庐山景区、丽江古城等。部分管理范围包括室内场所和室外场所的单位，只开放了室外部分，如西安博物院开放了小雁塔园区，博物馆室内部分依然闭馆。在疫情低风险地区，也有少数博物馆、纪念馆相继开放，如陕西延安革命纪念馆、四川三星堆博物馆综合馆。
　　为保障文博单位工作人员和游客安全，各地采取多种措施，全力做好复工开放期间的疫情防控。比如，坚持分时接待，并控制游客游览范围，山西、山东、贵州、海南等地要求景区日接待量不超过日最大承载量的50%；杭州良渚古城遗址公园要求日接待量不超过3000人；四川省洛带古镇暂定同一时段核心景区内承载游客量最多不超过3000人。又如，为避免人员接触，多地文博单位推行“无接触入园”。河南省龙门石窟景区采取无接触式服务，实行线上预约登记、线上实名购票及电子验票、刷脸入园的服务方式，暂不接受未预约者和线下现场购票；陕西省要求博物馆、纪念馆等文博开放单位，尽量采用电子语音讲解设备及各类小程序等数字化导览程序；云南省要求景区讲解员与游客保持1.5米以上距离，精准控制室内活动场所游客数量，确保游客游览期间间距能达到1.5米以上。此外，所有开放单位均要求游客测量体温、佩戴口罩，对场所定期消毒。
",positive
27,28,1,无意打造“爆款”产品 故宫600岁生日将这样过,2019-12-31 06:04,"　　2020年是紫禁城建成600年，又是故宫博物院成立95周年，这是全社会的一件文化盛事。12月30日，故宫举办新闻发布会，以官方渠道发布了“纪念紫禁城建成600年暨故宫博物院成立95周年”系列活动。
　　北京青年报记者获悉，故宫博物院将在“大庆之年”奉上精彩纷呈的文化活动，包括举办一系列学术研讨会，出版一系列研究成果，推出一系列精品展览，组织一系列公益活动，制作一系列弘扬故宫文化的影视作品，表彰一批有突出贡献的“故宫人”等。活动将突出故宫文化内涵和时代价值，传承弘扬中华优秀传统文化，用匠心呵护遗产，以文化滋养社会，把壮美的紫禁城完整地交给下一个600年。
　　据透露，包括《韩熙载夜宴图》等在内的一系列国宝级珍品将在明年的院庆系列展览中与观众见面。故宫王旭东院长表示，在院庆展示中院方无意打造“爆款”产品。他认为：“文化如水，应该更多的是包容和滋养。”他同时表示，大家欣赏故宫文物的方式有待改变：“来故宫观展前，应该做好功课。那种来故宫排十几个小时队来观展的局面应该成为历史。”
　　文/记者 王岩
　　相关新闻
　　2019年接待观众数首次破1900万人次
　　2019年共接待观众19297632人。2019年12月19日，来自浙江省湖州市的杨先生成为故宫博物院2019年第1900万名观众。参观故宫的游客中，女性人数占了56%，男性人数占了44%。
　　年轻人到故宫博物院参观的比例越来越高，父母也更愿意带小朋友参观故宫博物院。40岁以下观众数量占全年观众总数的56.16%。
　　从限流天数来看，2014年开始实行周一闭馆，2015年开始实行8万人次限流。2019年暑期，7月仅1天未限流，8月仅3天未限流。11月下旬，故宫雪景吸引了大批观众，罕见地出现了淡季限流日。
　　主要活动
　　学术会议 将举办以“纪念紫禁城建成600年暨故宫博物院成立95周年座谈会”、第五届“太和·世界古代文明保护论坛”、“国际文物保护修复学会（IIC）—故宫博物院2020国际古建筑保护学术研讨会”为重点的一系列学术研讨会议。
　　学术研究 2020年，故宫博物院将出版包括《徐邦达集》《刘九庵书画鉴定研究笔记》《陈万里日记》《耿宝昌集》等在内的一系列老专家文集。老一辈故宫专家融合多年来的工作经验撰写的学术文稿，彰显了一代故宫人的学术担当。
　　此外将出版《养心殿保护研究丛书》《宝蕴楼》《满洲从族俗到礼法的历史考察》《中国紫禁城学会论文集（第十辑）》《故宫博物院文物修复论文集》《故宫博物院考古文集（一）》等学术专著和合辑，启动《故宫博物院百年》出版项目，出版《故宫藏甲骨文第一部》（合作出版）《董其昌书画全集》《故宫藏四任绘画全集》《苏东坡书法全集》等学术图录，出版《我要去故宫》青少年图书、《故宫日历》十二载典藏版等文化普及类书籍。
　　公益活动 2020年暑期，故宫博物院将举办“绿洲行动——600名小学生进故宫”文化公益活动、“紫禁城记忆·文脉600年——海峡两岸暨香港、澳门600名中学生进故宫”文化交流公益活动、“故宫楹联主题书法大赛——600名青少年进故宫”文化公益活动，带领少年儿童近距离感受传统文化魅力。
　　电视作品 年内，将有电视剧《故宫如梦》、电视纪录片《紫禁城》、文化季播节目《上新了·故宫》第三季、大型史诗剧《紫禁城》相继启动制作。
　　表彰纪念 为纪念紫禁城建成600年暨故宫博物院成立95周年，故宫博物院将表彰一批为故宫博物院作出突出贡献的“故宫人”。此外，故宫博物院还将设计紫禁城建成600年纪念标志、发行紫禁城建成600年纪念券、纪念币、特种邮票。
　　展览讯息
　　“紫禁城建成600年展”
　　以600年来时间轴线中的20余个关键年份为基点，通过紫禁城的营缮、改造和保护等关键性事件，介绍600年来的城中变化。
　　“往昔世相——
　　故宫博物院藏古代人物画展”
　　选取故宫博物院藏品佳作，展现人物画从东晋南北朝至明清时期的发展脉络。
　　“千古风流人物——
　　苏轼主题书画特展”
　　展现苏轼的艺术造诣和人格风范，及其对后世所产生的影响。
　　“陶瓷馆”专馆
　　在武英殿重新开放，以中国陶瓷发展史为纲，展现中国陶瓷8000年发展历程，文物数量由原先的400件增加到1000件。
　　“中国与凡尔赛展”
　　以2014年在凡尔赛宫举办的“凡尔赛宫中的中国/十八世纪的艺术与外交”大型展览为基础，还原一个更丰满的十八世纪中法两国文化和艺术盛况。
",positive
28,29,1,出书、拍电视剧、发纪念币……600岁的紫禁城，今年打算这样过生日,2020-01-03 05:33,"　　央视网消息：这两天，一组故宫的对比照片刷屏了↓↓↓
　　新老照片仿佛将时间之河折叠，历史与当下的重合不禁让人感叹：95岁的故宫依然风华正茂。
　　2020年是紫禁城建成600年，亦是故宫博物院成立95周年。
　　故宫博物院最近公布了“纪念紫禁城建成600年暨故宫博物院成立95周年”重点活动，过生日，故宫是认真的！
　　一系列“IP大片”即将上线
　　纪录片《我在故宫修文物》播出后，在豆瓣上收获9.4分的超高评分，故宫的文物修复师也成了许多年轻人心目中的“网红”职业。
　　2020年，一系列弘扬故宫文化的影视作品即将上线，包括电视剧《故宫如梦》、电视纪录片《紫禁城》、文化季播节目《上新了·故宫》第三季、大型史诗剧《紫禁城》等。
　　出书公布文物修复“秘籍”
　　2020年，故宫博物院将出版《徐邦达集》《刘九庵书画鉴定研究笔记》等老专家文集。深厚的学识素养、扎实的研究功底、丰富的工作经验，老一辈故宫专家用一生守护着故宫，而他们撰写的这些学术文稿也将为紫禁城下一个600年的保护和传承奠定坚实基础。
　　此外，故宫还将出版《养心殿保护研究丛书》《故宫博物院文物修复论文集》等学术专著和合辑，启动《故宫博物院百年》出版项目，出版《紫禁城建成600年展览图录》等学术图录，出版《我要去故宫》青少年图书、《故宫日历》十二载典藏版等文化普及类书籍。
　　“镇馆之宝”时隔九年再“露脸”
　　大庆之年，故宫博物院将举办的展览涵盖古代建筑、专题书画、古代器物等多个主题。
　　“紫禁城建成600年展”以600年来时间轴线中的20余个关键年份为基点，通过紫禁城的营缮、改造和保护等关键性事件，介绍600年来的城中变化。
　　2020年5月，《韩熙载夜宴图》将领衔“往昔世相——故宫博物院藏古代人物画展”。这幅难得一见的书画珍品代表了中国古代工笔重彩人物画最高水平，而它上一次公开展出还要追溯到9年前，2011年秋天武英殿书画馆的“故宫藏历代书画展”。
　　“千古风流人物——苏轼主题书画特展”、“中国与凡尔赛展”等一系列精品展览，“陶瓷馆”专馆在武英殿重新开放……2020年故宫的重磅“福利”让人应接不暇。
　　故宫博物院院长王旭东表示，故宫将按月更新官网，公布新的文物高清图，同时通过现代技术“复活”文物，让观众可以体验式参观。
　　这套纪念币很“贵”“重”
　　根据中国人民银行公布的2020年贵金属纪念币项目发行计划，2020年4月中国人民银行将发行紫禁城建成600年金银纪念币，包括2种金质纪念币、5种银质纪念币。其中，重量为1公斤的精制金币仅发行100枚。
　　故宫博物院还将设计紫禁城建成600年纪念标志，发行紫禁城建成600年纪念券、特种邮票。
　　爱收藏的小伙伴们，钱包准备好了吗？（文/田雨棣 图片来源：故宫博物院官网）
",positive
29,30,1,故宫公布春节开放时间 除夕全天闭馆,2020-01-10 14:22,"　　中新网1月10日电 据故宫博物院官方微博消息，故宫博物院自2019年春节开始，实行除夕当日闭馆，正月初一起正常开放。
　　2020年春节故宫博物院开放时间安排如下：
　　——除夕(1月24日)全天闭馆。
　　——正月初一(1月25日)至正月初六(1月30日)正常开放，开馆时间为08:30，停止入院时间为15:40，闭馆时间为16:30。
　　——正月初三(1月27日)适逢周一，正常开放。
　　——故宫博物院每天限流8万人次，请通过网上预约购票。
",positive
