,title
0,文创业不断创新发展 推动数字经济产业升级
1,故宫博物院发布闭馆公告 多地取消新春文化活动
2,故宫博物院院长王旭东就“开车进故宫”事件向公众致歉
3,1900万人次！故宫博物院年客流量再次刷新
4,故宫博物院文化创意项目“谜宫 金榜题名”正式发布
5,纪念紫禁城建成600年 故宫博物院重磅展品将亮相
6,放大招！600年的紫禁城、95年的故宫博物院今年打算这样过生日！
7,故宫博物院：将推出剧集《故宫如梦》
8,“十一黄金周”前10天故宫博物院暂停对社会开放
9,六百岁故宫2020年首开直播 两天三场揭开庆生序幕
10,2019“一带一路”人文历史摄影展亮相故宫博物院
11,故宫博物院：9月21日至10月1日暂停对社会开放
12,线上观展，让艺术始终在线
13,闭馆70多天后故宫开启“云直播” 40多万观众共赴“云上”之约
14,解码线上新风潮 “云看展”有门道
15,故宫博物院和中国中医科学院签署战略合作协议
16,故宫博物院10月2日起正常开放 当日客流人数达8万限流线
17,“种”的钻石7天能长1克拉？专家：不是新鲜事儿，能鉴别“出身”
18,5000余万建筑大军让中国城乡面貌日新月异
19,近百件书法作品亮相“盛世中国”书法大展
20,记者探访庆祝空军成立70周年主题展览：人民空军新航迹
21,习近平在出席庆祝空军成立70周年主题活动时强调 牢记初心使命 发扬光荣传统 勇于创新超越 把人民空军全面建成世界一流空军
22,首都博物馆开新展 22件文物邀观众一起“读”中轴
23,首都博物馆将推出三大特展 百余件国宝今起亮相
24,三大特展亮相首都博物馆 百余件国宝级文物荟萃一堂
25,故宫博物院发布闭馆公告 多地取消新春文化活动
26,微缩“老北京城”搬进回龙观 首博为社区居民“读城”
27,那些刷屏的故宫美照，原来是他拍的
28,故宫博物院发布闭馆公告 多地取消新春文化活动
29,仰望星空、恐龙互动，北京多家科普场所推出40余项科普活动
30,国庆假期 北京多家博物馆调整开放时间
31,各地举行国家公祭日纪念活动
32,幸存者讲述重庆大轰炸 愿悲剧永不重演
33,梅小侃讲述东京审判背后故事：牢记历史是为了化解仇恨
34,《杨靖宇》首映式，日本友人献花……抗战馆这样纪念“九·一八”
35,纪念全民族抗战爆发82周年仪式在京举行 蔡奇主持
36,纪念全民族抗战爆发82周年仪式在京举行
37,电影《杨靖宇》举行上映首发式 用电影致敬民族英雄
38,纪念“九一八”事变88周年 电影《杨靖宇》全国上映
39,这些年，这些展，总书记这些话直抵人心
40,中国国家博物馆专列11日亮相北京地铁一号线
41,云端畅游星辰大海！国博将推出“永远的东方红”云展览
42,省心省力省时省事！互联网战疫让百姓尽享“云”便利
43,源远流长的鼎文化
44,线上观展，让艺术始终在线
45,“危中生机”：新业态新模式新机会
46,【复工复产进行时】“危中生机”：新业态新模式新机会
47,西吴壁遗址入围2019年全国十大考古新发现终评
48,“云逛”博物馆 却被这些“代言人”圈了粉
49,“云游博物馆”走红网络 博物馆数字化进程加快
50,解码线上新风潮 “云看展”有门道
51,直播看馆藏 线上赏美景
52,量子反常霍尔效应研究相关科学仪器实物入藏国博
53,全国各地博物馆推出线上服务 防疫展览两不误
54,【地评线】秦平：“互联网+博物馆”，让传统文化更具魅力
55,国博“红楼梦”糕点刷屏 文创美食这么好看舍得吃吗
56,单日观看量超千万，讲解员成“网红” 博物馆直播为啥这么火
57,观看量超千万，讲解员成“网红”...博物馆直播为啥这么火？
58,第九届北京科学嘉年华开幕  372项科学互动体验迎客
59,第九届北京科学嘉年华开幕 可体验300多项科学活动
60,透视粮食生产“十五连丰”
61,三星伴月、流星雨、彗星……四月这些天象等你看
62,天文学家揭示太阳系首个到访星际天体“奥陌陌”起源
63,博物馆如何让孩子更感兴趣 满足孩子需求的设施与服务可以更多些
64,第一座天文馆：仰望星空 逐梦飞扬
65,岁末好戏连台 “网红”流星雨后又迎日环食
66,2019岁末好戏连台 “网红”流星雨后又迎日环食
67,陆续恢复营业 全国超2000家景区向医务工作者免门票
68,马斯克的星链计划很酷炫，但天文圈很头疼
69,仰望星空、恐龙互动，北京多家科普场所推出40余项科普活动
70,天安门观礼台等入选北京市第二批历史建筑名单
71,第九届北京科学嘉年华开幕  372项科学互动体验迎客
72,第九届北京科学嘉年华开幕 可体验300多项科学活动
73,天上的星星长成一个样儿 其实是两种力“对决”的结果
74,罕见水星凌日到访 11月深空舞台星光璀璨
75,中秋佳节 用科学的目光“赏”月
76,《贵妃醉酒》在恭王府大戏楼上演
77,北京恭王府实行全网售票每日限售3.2万张
78,故宫、国博、国图、中国美术馆、恭王府宣布闭馆
79,“万象融心——安滨水彩作品展”亮相北京恭王府博物馆
80,恭王府国庆假期期间实行全网售票 每天限额3.2万张
81,北京恭王府全网售票 国庆假期期间每天限额3.2万张
82,恭王府国庆假期将实行全网售票 每日限流3.2万张
83,恭王府博物馆十一取消现场售票 网上售票日限额3.2万张
84,北京恭王府博物馆：每天售票限额3.2万张 提前10天预售
85,想看丹麦女王的绣制作品吗？87件丹麦文物亮相恭王府
86,恭王府博物馆十一期间全网售票 每日限流3.2万人次
87,非遗服饰“走秀”亮相北京景山公园寿皇殿 14场服饰秀展绽放光彩
88,180余名专家学者西安研讨博物馆教育“责任与情怀”
89,国庆假期出游看点：红色旅游受青睐 欧洲游持续火热
90,爱北京美食、喜胡同文化 “西城大妈”里有位“美国大爷”
91,国庆假期不知道去哪？北京70项展览等着你！
92,【8点见】学生炫耀第三次在寝室吃火锅 消防：没有第四次了
93,告别“八股”讲解 500个景区10月1日起上线“随身听”
94,【8点见】有新景点！九寨沟拟于9月27日试开园
95,国庆假期愁去处？收下这份京城“宝藏”展览指南！
96,天津博物馆五大展览齐亮相
97,擦亮甲骨“瑰宝” 传承发展“绝学”
98,三大特展亮相首都博物馆 百余件国宝级文物荟萃一堂
99,首都博物馆将推出三大特展 百余件国宝今起亮相
100,国庆假期旅游收入排名出炉：这两省份超500亿
101,国庆假期愁去处？收下这份京城“宝藏”展览指南！
102,火烈鸟再次“到访”天津，它们是迷路了吗？
103,国庆假期旅游收入排名出炉：这两省份超500亿
104,京冀晋豫陕五省市金银器展开幕 600余件珍贵文物展出
105,浙大艺术与考古博物馆开馆 国宝颜真卿残碑可以凑近看
106,推进网络时代青少年爱国主义教育 首批党史国史线上教育基地启动
107,2020年春运开始 河北交警教您安全快捷出行
108,“新中国70年，镇馆之宝70件”文物和档案故事网上征集活动评审结果公布！
109,开展好“不忘初心、牢记使命”主题教育的四个维度
110,从西柏坡到雄安：“赶考路”上的“河北答卷”
111,【新中国从这里走来】网媒记者重温革命历史 沉浸报道老区新风貌
112,博物馆线上展览“破局走红” 是机遇更是挑战
113,全国各地博物馆推出线上服务 防疫展览两不误
114,故宫博物院发布闭馆公告 多地取消新春文化活动
115,沿黄九省区45家博物馆成立黄河流域博物馆联盟
116,百年晋博：中国故事的博物馆讲述方式
117,秘鲁文物亮相山西 揭开安第斯文明神秘面纱
118,浙大艺术与考古博物馆开馆 国宝颜真卿残碑可以凑近看
119,70年，15万件文物“回家” 揭秘回归文物背后的故事
120,迎诸多研学团队 山西红色旅游吸引青少年
121,鄂尔多斯博物馆：聆听草原文明牧歌
122,这件大事，习总书记24次指示批示
123,刘sir来北京啦，今天将登长城
124,全力打造祖国北部边疆亮丽风景线——习近平总书记内蒙古考察重要讲话引发热烈反响
125,“又见大唐”书画文物展于辽宁省博物馆开展
126,线上观展，让艺术始终在线
127,全国各地博物馆推出线上服务 防疫展览两不误
128,博物馆线上展览“破局走红” 是机遇更是挑战
129,“又见大唐”书画文物展辽博开展 让民众“梦回大唐”
130,《中国的宝藏》，在文物中遇见传统和现代
131,盛世画卷 浩荡书风
132,“又见大唐”书画文物展在辽宁开幕 多件唐代名迹同时现身
133,百年晋博：中国故事的博物馆讲述方式
134,“打卡”博物馆：文化游走俏国庆假期
135,辽宁展出246件红山文化出土文物 遥望中华文明绚丽日出
136,《杨靖宇》首映式，日本友人献花……抗战馆这样纪念“九·一八”
137,中国多省市启动I级响应 大型公共活动延期或取消
138,沿黄九省区45家博物馆成立黄河流域博物馆联盟
139,一亿年前化石揭示哺乳动物中耳演化新模式
140,一件化石揭开1.6亿年前的秘密：吃真能促进听力？
141,中秋假期游河北，哪个景区最热门？
142,三季度剧集市场热度提升 优质内容成功“火”出圈
143,上海：四季铺满文化节庆 艺术融入日常生活
144,盛世画卷 浩荡书风
145,“又见大唐”书画文物展在辽宁开幕 多件唐代名迹同时现身
146,“又见大唐”书画文物展于辽宁省博物馆开展
147,盛世画卷 浩荡书风
148,“又见大唐”书画文物展在辽宁开幕 多件唐代名迹同时现身
149,沈阳故宫推出“金玉满堂文化季”活动惠及280万个家庭
150,辽宁沈阳：故宫举办特展 游客同比增长近三成
151,博物馆线上展览“破局走红” 是机遇更是挑战
152,各地举行国家公祭日纪念活动
153,大庆之年回望大庆精神
154,“五一”能否出游？出游需注意什么？这份假期出行指南请查收！
155,沈阳故宫等8家博物馆17日恢复对外开放
156,从天津到浙江 30多件公安老物什“南下”封存历史记忆
157,各地举行国家公祭日纪念活动
158,凝固历史记忆 见证文化交融——感受澳门独特的博物馆文化
159,中国多省市启动I级响应 大型公共活动延期或取消
160,“新中国70年，镇馆之宝70件”文物和档案故事网上征集活动评审结果公布！
161,2019年度法治人物候选人 韩大元：宪法是公民的一种生活方式
162,韩大元：宪法是公民的一种生活方式 | 2019年度法治人物候选人
163,宪法宣传是全民普法工作的重中之重 五个方面展开工作
164,这个冷门不太“冷” 新生代选择专业更看个人喜好
165,冷门专业就业不一定“冷” 新生代更注重个人喜好
166,守望80年的土房 永恒不变的初心
167,北京猿人头盖骨发现90周年：丢失的化石在哪里？
168,江水悠悠精神永恒——写在湘江战役发生85周年之际
169,雕塑《前进，前进》诞生于岭南地缘与历史人文基因 定格于战斗瞬间情景
170,情定紫金山下
171,南京新增6处全国重点文保单位 鼓楼等升级为“国宝”
172,国庆期间广西迎来红色旅游热潮
173,中宣部新命名一批全国爱国主义教育示范基地
174,习近平的长征脚步，从未停歇
175,“新中国”，让人泪目满眶的圣洁名字！
176,杭州140幢建筑将披上“晚礼服” 国庆游杭城别错过
177,旧金山“慰安妇日”:她见过地狱 最怕却是被遗忘
178,黑龙江重大历史题材美术作品展：黑土地的史诗画卷
179,上海博物馆恢复开放，“沧海之虹”展延期
180,解码线上新风潮 “云看展”有门道
181,线上观展，让艺术始终在线
182,博物馆线上展览“破局走红” 是机遇更是挑战
183,全国28个省区市3714家A级旅游景区恢复对外营业
184,全国3714家A级景区恢复营业 周末出游订单环比涨十倍
185,文化和旅游部：全国旅游景区复工率已超30%
186,上海：确保市重大工程3月底前全面复工
187,第二届长三角国际文化产业博览会揭幕
188,古代没有七彩霓裳？ 这就给你点“颜色”瞧瞧
189,古代没有七彩霓裳？ 这就给你点“颜色”瞧瞧
190,故宫博物院发布闭馆公告 多地取消新春文化活动
191,首座越国高等级贵族墓园在浙江安吉被发现
192,展示高校文创教育特色成果 上海让教育赋能文创
193,《中国的宝藏》讲好中国顶级瑰宝故事，成功传播海外引热赞
194,时政新闻眼｜再到希腊，习近平为何用了这个词？
195,《中国的宝藏》，在文物中遇见传统和现代
196,新文创，别出心裁惹人爱
197,不仅是成交，进博会来宾将在上海“收获”绝美风景
198,上海112家博物馆国庆迎70万游客 上海科技馆人气最高
199,秦陵博物院：300余件精品文物展现秦统一历程
200,“又见大唐”书画文物展于辽宁省博物馆开展
201,笑点妙、笑声广 静安国际喜剧节笑星出没
202,文物的聚散离合，折射国家的治乱兴衰
203,上海：国庆假期共接待游客1037万人次 实现旅游收入115亿元
204,收好这份参观指南！国庆，来上海看文博艺术大展
205,国庆假期上海红色展览升温：扎堆景点不如安安静静看展
206,盛世画卷 浩荡书风
207,“又见大唐”书画文物展在辽宁开幕 多件唐代名迹同时现身
208,国庆文旅市场亮点纷呈：折射文化消费新趋势
209,上海112家博物馆国庆迎70万游客 上海科技馆人气最高
210,上海科技馆“院士长廊”完成更新 数字化展示平台将院士风采一一呈现
211,上海自然博物馆、科技馆等13日恢复开放
212,上海发布复工指南4.0版：一般行业取消备案直接复工
213,不仅是成交，进博会来宾将在上海“收获”绝美风景
214,国庆文旅市场亮点纷呈：折射文化消费新趋势
215,南京大屠杀幸存者金茂芝去世 登记在世者仅剩78人
216,南京大屠杀幸存者石家秀去世 享年94岁
217,南京大屠杀幸存者朱惟平去世 登记在世幸存者只剩80人
218,今年已有10位南京大屠杀幸存者去世
219,3位南京大屠杀幸存者近日去世 犹健在者仅77人
220,南京今年已收集761位南京大屠杀幸存者后代信息及家谱
221,多地疫情防控应急响应级别下调 啥时可以摘口罩？
222,中共中央、国务院在南京举行2019年南京大屠杀死难者国家公祭仪式
223,全国各地博物馆推出线上服务 防疫展览两不误
224,“危中生机”：新业态新模式新机会
225,【复工复产进行时】“危中生机”：新业态新模式新机会
226,解码线上新风潮 “云看展”有门道
227,书店、博物馆陆续重启 大街小巷又闻书香
228,“云逛”博物馆 却被这些“代言人”圈了粉
229,“云游博物馆”走红网络 博物馆数字化进程加快
230,直播看馆藏 线上赏美景
231,业绩不降反升！疫情冲击下，这些行业如何突围
232,"开启""云端""模式 公共文化服务如何匹配""宅生活""?"
233,单日观看量超千万，讲解员成“网红” 博物馆直播为啥这么火
234,观看量超千万，讲解员成“网红”...博物馆直播为啥这么火？
235,中国多省市启动I级响应 大型公共活动延期或取消
236,国博“红楼梦”糕点刷屏 文创美食这么好看舍得吃吗
237,侨捐艺术品，诉说家国情怀
238,展览+解谜：博物馆文创新品类
239,“国潮”涌动，年轻人为传统文化埋单
240,新文创，别出心裁惹人爱
241,国庆假期·出游丨红色旅游人气高 休闲产品受欢迎
242,千年以来，“吃月饼”是如何一步步具有仪式感的？
243,文创业不断创新发展 推动数字经济产业升级
244,时隔五年再赴西安 读懂习近平的三个“关心”
245,国家版权局、全国“扫黄打非”办联合发布2019年度全国打击侵权盗版十大案件
246,“五一”假期如何出行？各地景区恢复政策大汇总
247,重磅！37种2019年度中国好书，今晚央视揭晓 |《2019年度中国好书》看点大放送
248,报告称五一或有超9000万人次出游 多地鼓励带薪休假
249,全国人民“吃”援湖北 你为湖北拼单了吗？
250,时政新闻眼丨习近平考察西安，透露这三层深意
251,省心省力省时省事！互联网战疫让百姓尽享“云”便利
252,线上观展，让艺术始终在线
253,第二届长三角国际文化产业博览会揭幕
254,全国各地博物馆推出线上服务 防疫展览两不误
255,博物馆线上展览“破局走红” 是机遇更是挑战
256,浙博“金银同辉”展再现南宋金银货币精华
257,《中国的宝藏》，在文物中遇见传统和现代
258,800年前，小朋友们也要忙写作业
259,三大特展亮相首都博物馆 百余件国宝级文物荟萃一堂
260,首都博物馆将推出三大特展 百余件国宝今起亮相
261,浙大艺术与考古博物馆开馆 国宝颜真卿残碑可以凑近看
262,传承保护需要凝聚社会各方力量 让非遗拥有更好未来
263,河南郑州仰韶文化遗址发现中国最早丝织品
264,古代没有七彩霓裳？ 这就给你点“颜色”瞧瞧
265,古代没有七彩霓裳？ 这就给你点“颜色”瞧瞧
266,解码线上新风潮 “云看展”有门道
267,浙博“金银同辉”展再现南宋金银货币精华
268,报告称五一或有超9000万人次出游 多地鼓励带薪休假
269,第二届长三角国际文化产业博览会揭幕
270,中国多省市启动I级响应 大型公共活动延期或取消
271,各地旅游景点陆续恢复开放 消毒防护、科学分流成“标配”
272,商代青铜器拟被拍卖 疑似出土文物 国家文物局要求限期核查
273,这些出土文物成拍卖会标的？这件最高估价2200万
274,各地举行多彩活动群众尽享节日欢乐 迈进新的一年 奋斗只争朝夕
275,首座越国高等级贵族墓园在浙江安吉被发现
276,带你共赏山河烂漫｜您有一份爱的邀请函请待查收
277,乐享假日生活 同心筑梦未来
278,4天4526.3亿！国庆旅游消费创纪录 你贡献了多少？
279,留住每一座古厝的故事
280,90年后，古田会议和今天的对话
281,纪念古田会议90周年大会举行 黄坤明出席并讲话
282,从影像到真实，我们这样走近古田……
283,习近平的长征脚步，从未停歇
284,沿着中国特色强军之路阔步前进——党中央、中央军委领导推进国防和军队建设70年纪实
285,90年后，古田会议和今天的对话
286,纪念古田会议90周年︱林德荣
287,今晚亮剑！《绝境铸剑》CCTV-1重磅首播
288,从影像到真实，我们这样走近古田……
289,各地举行国家公祭日纪念活动
290,部分景区陆续恢复开放 旅游业转型之路才刚开始
291,人气飙升！“红色旅游”关键词搜索热度上涨200%
292,央视剧评丨我给《绝境铸剑》五颗星！
293,习近平的长征脚步，从未停歇
294,舞剧《永不消逝的电波》为何一票难求
295,舞剧《永不消逝的电波》为何一票难求
296,5000余万建筑大军让中国城乡面貌日新月异
297,上海112家博物馆国庆迎70万游客 上海科技馆人气最高
298,向人民汇报 为祖国献歌
299,国庆假期广州旅游业揽金逾129亿元 酒店入住率高
300,回归二十载，看澳门的昨天、今天与明天
301,中秋假期游河北，哪个景区最热门？
302,国庆期间全国接待国内游客7.82亿人次 同比增长7.81%
303,国庆文旅市场亮点纷呈：折射文化消费新趋势
304,京港高铁南昌至赣州段12月26日开通运营
305,从影像到真实，我们这样走近古田……
306,学习故事丨习总书记为全党上这门必修课
307,守望80年的土房 永恒不变的初心
308,习近平的长征脚步，从未停歇
309,时政新闻眼 | 习近平到中央红军长征集结出发地看了什么？
310,山东三大馆夜间开放 为观众提供文化夜宴
311,全国各地博物馆推出线上服务 防疫展览两不误
312,沿黄九省区45家博物馆成立黄河流域博物馆联盟
313,博物馆线上展览“破局走红” 是机遇更是挑战
314,800余件陶瓷琉璃山东展出 打造文艺精品盛宴
315,甲骨文研究的继往开来
316,山东：国庆假期接待游客近7000万人次 文旅融合效益初显
317,“证古泽今——甲骨文文化展”亮相国博
318,国博将首次大规模展出馆藏甲骨
319,写在甲骨上的中国自信 三大看点领略国博甲骨文文化展
320,百幅齐白石书画原作潍坊展出 部分真迹首次公开亮相
321,沿黄九省区45家博物馆成立黄河流域博物馆联盟
322,解码线上新风潮 “云看展”有门道
323,全国各地博物馆推出线上服务 防疫展览两不误
324,浙大艺术与考古博物馆开馆 国宝颜真卿残碑可以凑近看
325,“又见大唐”书画文物展于辽宁省博物馆开展
326,盛世画卷 浩荡书风
327,“又见大唐”书画文物展在辽宁开幕 多件唐代名迹同时现身
328,“清高宗乾隆皇帝展”在河南郑州展出
329,乐享假日生活 同心筑梦未来
330,河南南阳汉画馆遭夜拆文物暴露野外 官方:正调查
331,独家视频丨习近平：这一年我去了不少地方 大家跟我说了很多心里话
332,【独家视频】习近平在河南考察调研
333,【独家视频】走进红色大别山
334,独家视频丨习近平在河南考察调研 瞻仰革命烈士纪念堂 走进“创客乡村”
335,在河南考察的三天，习近平总书记关注了哪些问题？
336,独家视频丨习近平：红色教育要常学常新
337,2020年全国文化科技卫生“三下乡”活动全面启动
338,习近平在陕西考察时强调 扎实做好“六稳”工作落实“六保”任务 奋力谱写陕西新时代追赶超越新篇章
339,【地评线】秦平：厚植红色基因，走好新时代长征路
340,独家竖版视频丨习近平：希望你继续做好红色基因的传承人
341,奋勇争先谋崛起 埋头苦干更出彩——习近平总书记考察河南回访记
342,习近平在陕西考察时强调 扎实做好“六稳”工作落实“六保”任务 奋力谱写陕西新时代追赶超越新篇章
343,“新中国70年，镇馆之宝70件”文物和档案故事网上征集活动评审结果公布！
344,2020年新年贺词，习近平和大家谈“心”
345,图文故事丨五次地方考察，习近平现场指导主题教育
346,国庆期间全国接待国内游客7.82亿人次 同比增长7.81%
347,习近平在河南考察时强调 坚定信心埋头苦干奋勇争先 谱写新时代中原更加出彩的绚丽篇章
348,习近平在河南考察时强调 坚定信心埋头苦干奋勇争先 谱写新时代中原更加出彩的绚丽篇章
349,绿色环保寄哀思 别样清明一样情
350,各地文明祭扫蔚然成风 别样清明一样情
351,国庆假期国内游收入突破6000亿元
352,四川西昌森林火灾致19人牺牲 官方回应三大问题
353,修订后的《烈士褒扬条例》：彰显英烈崇高地位的重大制度创新
354,国家文物局：不搞“一刀切” 有序恢复开放文物、博物馆单位
355,国家主席习近平发表二〇二〇年新年贺词
356,国家主席习近平发表二〇二〇年新年贺词
357,大别山精神在新时代焕发新光彩
358,河南考察，习近平提出了哪些重要要求？
359,抓防疫，抓复工，两手都要硬——各地文博单位有序恢复开放和复工
360,时政新闻眼丨习近平：“不忘初心、牢记使命”是一辈子的事
361,茶旅融合促“中国黑茶之都”时尚升级
362,茶旅融合促“中国黑茶之都”时尚升级
363,全国各地博物馆推出线上服务 防疫展览两不误
364,博物馆线上展览“破局走红” 是机遇更是挑战
365,弘扬大别山精神，同心共筑中国梦
366,"开启""云端""模式 公共文化服务如何匹配""宅生活""?"
367,文艺行业“云”复工 “危中觅机”再出发
368,部分景区陆续恢复开放 旅游业转型之路才刚开始
369,伊拉克表示伊朗袭击未造成本国部队人员伤亡
370,伊拉克看守总理：伊朗对美军发起袭击前曾知会伊拉克
371,修复青铜器用科技 说说国博文物修复那些事儿
372,【新中国70年，镇馆之宝70件】(三)一碑守公田，勿忘红军好
373,各地举行多彩活动群众尽享节日欢乐 迈进新的一年 奋斗只争朝夕
374,全国首个“5G智慧博物馆”APP正式上线
375,长江文明在这里生生不息
376,这件曾侯乙编钟你可以亲手敲响 湖北5G智慧博物馆启动
377,千年漆器为何容颜永驻？看“漆器医生”为它益寿延年
378,第七届世界军人运动会全国美术作品展在武汉开幕
379,震撼！浓郁！奇幻！——军运会开幕式及文艺表演获盛赞
380,国博将办“流失文物回归成果展” 曾伯克父青铜组器“首秀”
381,流失日本的曾伯克父青铜组器回家了！17日将在国博“首秀”
382,浙大艺术与考古博物馆开馆 国宝颜真卿残碑可以凑近看
383,中国成功追索流失日本青铜组器 17日举行归家首秀
384,湖北115家A级旅游景区有序恢复开放
385,博物馆线上展览“破局走红” 是机遇更是挑战
386,380件简帛真迹长沙展出 带你感受“千年遗墨”
387,全国各地博物馆推出线上服务 防疫展览两不误
388,故宫博物院发布闭馆公告 多地取消新春文化活动
389,展览+解谜：博物馆文创新品类
390,杨艳深耕中学教育19年 找到党建与教学“契合点”
391,《中国的宝藏》，在文物中遇见传统和现代
392,“流失文物回归成果展”国博开幕 600余件文物讲“回家故事”
393,国庆假期不知道去哪？北京70项展览等着你！
394,70年，15万件文物“回家” 揭秘回归文物背后的故事
395,浙大艺术与考古博物馆开馆 国宝颜真卿残碑可以凑近看
396,圆明园兽首铜像如何重聚？这些流失文物故事值得铭记
397,文物的聚散离合，折射国家的治乱兴衰
398,博物馆线上展览“破局走红” 是机遇更是挑战
399,解码线上新风潮 “云看展”有门道
400,国博“红楼梦”糕点刷屏 文创美食这么好看舍得吃吗
401,全国各地博物馆推出线上服务 防疫展览两不误
402,广东：博物馆里过中秋“夜生活”
403,广东：博物馆里过中秋“夜生活”
404,“最强国庆档” 票房火热 文娱新风尚成消费升级写照
405,万家团圆度佳节 多彩活动迎国庆（礼赞新中国 奋进新时代）
406,万家团圆度佳节 多彩活动迎国庆
407,消费动力强劲 多项数据创新高（经济发展亮点多韧性足）
408,消费动力强劲 多项数据创新高
409,李劲堃谈“岭南美术变革精神如何赋能大湾区文艺创造活力”：“变革”是对岭南画派精神最好的传承
410,迎中秋 广州多景区下调门票价格
411,迎中秋 广州多景区下调门票价格
412,广东广州：迎中秋 多景区下调门票价格
413,广东：博物馆里过中秋“夜生活”
414,广东：博物馆里过中秋“夜生活”
415,广东省国庆假期夜经济繁荣 广州塔超80%是夜间客流
416,深圳，创造新的更大奇迹
417,广博将于20日展出“广作特展” 汇集近百件工艺精品
418,广东：博物馆里过中秋“夜生活”
419,广东：博物馆里过中秋“夜生活”
420,广东省国庆假期夜经济繁荣 广州塔超80%是夜间客流
421,广博将于20日展出“广作特展” 汇集近百件工艺精品
422,成立初期，“一穷二白”的新中国怎样“追”回大批流散国宝？
423,600余件海外流失文物回国“聚首” 流散国宝是这样被“追”回的
424,文物的聚散离合，折射国家的治乱兴衰
425,中宣部新命名一批全国爱国主义教育示范基地
426,解码线上新风潮 “云看展”有门道
427,国庆期间全国接待国内游客7.82亿人次 同比增长7.81%
428,过中秋佳节 品传统文化（礼赞新中国 奋进新时代）
429,国庆假期前四天全国共计接待国内游客5.42亿人次
430,痛心！甘肃一女医生被患者袭击不幸身亡
431,侏罗纪晚期大型食肉恐龙足迹首现四川盆地
432,成都武侯祠：让珍贵文物过好年
433,全国近200家博物馆恢复对外开放
434,成都A级景区开放达66% 疫情防控为先细化游览措施
435,体验中秋民俗文化活动 成都武侯祠举办“三国中秋游园会”
436,全国近200家博物馆恢复对外开放
437,全国近200家博物馆恢复对外开放
438,沿黄九省区45家博物馆成立黄河流域博物馆联盟
439,全国近200家博物馆恢复对外开放
440,成都A级景区开放达66% 疫情防控为先细化游览措施
441,文创行业线上发力
442,“云复工” “云签约” 文创行业开启线上发力
443,“玩转”5G盛宴 体验未来科技生活的“新玩法”
444,“玩转”5G盛宴 体验未来科技生活的“新玩法”
445,7.8亿人次出游成就最火黄金周 景区提质 “圈粉”更多游客
446,国庆假期00后成红色旅游主力军，出门玩深圳人最舍得花钱
447,共产党人信仰的丰碑——习近平总书记对“记者再走长征路”主题采访活动重要指示引起社会强烈反响
448,国庆文旅市场亮点纷呈：折射文化消费新趋势
449,刘sir来北京啦，今天将登长城
450,明“月”几时有？博物馆中秋有“戏”
451,部分景区陆续恢复开放 旅游业转型之路才刚开始
452,“新中国70年，镇馆之宝70件”文物和档案故事网上征集活动评审结果公布！
453,70余家博物馆将为观众发“护照”
454,传承经典，谱写新时代青春之歌｜“世界读书日”专题活动·阅读ing
455,【“不忘初心、牢记使命”主题教育进行时】重庆：重温革命精神 牢记初心使命
456,时政新闻眼丨决战决胜脱贫攻坚，习近平到这个镇“解剖麻雀”
457,部分景区陆续恢复开放 旅游业转型之路才刚开始
458,红色重庆：让红色资源走出博物馆展览馆 使红色文化动起来活起来
459,化危为机谋发展 迎难而上促生产
460,【新春走基层】贫困村自办“村晚” 大山奏响希望歌
461,“新中国70年，镇馆之宝70件”文物和档案故事网上征集活动评审结果公布！
462,疫情下的清明：祭祀在“云端” 追思在心间
463,各地铁路公安机关多种形式缅怀先烈承接遗志守护安全
464,交通运输部：节前客流高峰提前 客流分布差异明显
465,不一样的清明 不一样的寄托
466,我国10个省区市的贫困县脱贫摘帽
467,新投资，助推“中国号”稳健前行
468,【打赢脱贫攻坚战】内蒙古等十省份贫困县全部摘帽
469,好消息来了！内蒙古等十省份贫困县全部摘帽
470,书香助抗疫一一中青总社携手中梁集团为武汉赠送4万余册期刊
471,各地举行国家公祭日纪念活动
472,中秋假期游河北，哪个景区最热门？
473,中国多省市启动I级响应 大型公共活动延期或取消
474,全国又有8个省市贫困县全部脱贫摘帽
475,全国又有8个省市贫困县全部脱贫摘帽
476,他们用生命，换来了这八条意见！
477,舞剧《永不消逝的电波》为何一票难求
478,舞剧《永不消逝的电波》为何一票难求
479,全球战“疫”的中国答卷——写在全国疫情防控形势持续向好之际
480,抓防疫，抓复工，两手都要硬——各地文博单位有序恢复开放和复工
481,万山红遍千畴绿——贵州省坝区春耕备耕“开门红”
482,今天，为你讲述一段传奇
483,人气飙升！“红色旅游”关键词搜索热度上涨200%
484,旅游网红城市的变迁：重庆、成都等大城市为何受欢迎
485,2020北京图书订货会：为2020年添一抹书香底色
486,复工复产后，防疫还需要做好哪些防护？
487,档案君|英雄启示录：用生命向党报警
488,2019习近平地方考察的温情瞬间
489,书写更新更美的时代篇章
490,站在舞台上，孩子们会看到新的世界
491,部分景区陆续恢复开放 旅游业转型之路才刚开始
492,西藏博物馆新馆主体结构封顶 近300名建设者正在陆续复工
493,全国28个省区市3714家A级旅游景区恢复对外营业
494,文化和旅游部：全国旅游景区复工率已超30%
495,抓防疫，抓复工，两手都要硬——各地文博单位有序恢复开放和复工
496,修复青铜器用科技 说说国博文物修复那些事儿
497,95箱原版刷印《清敕修大藏经》入藏陕西历史博物馆
498,省心省力省时省事！互联网战疫让百姓尽享“云”便利
499,千年文物“邂逅”西洋乐 指尖律动演绎“博物馆奇妙夜”
500,“云逛”博物馆 却被这些“代言人”圈了粉
501,电影《长安道》讲述人民警察破获文物盗窃案故事
502,沿黄九省区45家博物馆成立黄河流域博物馆联盟
503,人气飙升！“红色旅游”关键词搜索热度上涨200%
504,《中国的宝藏》，在文物中遇见传统和现代
505,新文创，别出心裁惹人爱
506,国庆假期陕西多景区限客流 雨水难阻出游热
507,2019国庆假期出行预测报告 景区及交通枢纽周边道路易拥堵
508,青釉提梁倒流壶：“倒而不漏”的神奇国瓷
509,注意！国庆假期出游，哪里不堵车？赶紧对照查查→
510,明“月”几时有？博物馆中秋有“戏”
511,秦始皇兵马俑泰国展：拉近两国人民的距离
512,中秋假期西安共接待游客406万人次 收入26.88亿元
513,“又见大唐”书画文物展于辽宁省博物馆开展
514,三季度剧集市场热度提升 优质内容成功“火”出圈
515,秦始皇帝陵博物院观众年接待量首次突破900万人次
516,新文创，别出心裁惹人爱
517,秦始皇帝陵博物院：40年接待海内外游客逾1.2亿人次
518,注意！十一长假部分景区只在线售票 别白跑一趟
519,注意！十一长假故宫等热门景区只在线售票 别白跑一趟
520,国庆后错峰游价格降一半 这些地方人少景美省钱
521,别人家的导游 能把兵马俑说“活”
522,推进网络时代青少年爱国主义教育 首批党史国史线上教育基地启动
523,我国科学家为保护档案文献研制出“金钟罩”“铁布衫”
524,我国科学家为保护档案文献研制出“金钟罩”“铁布衫”
525,国庆假期陕西延安红色旅游持续“走热”
526,感受节日喜庆气氛 红色景点成国庆旅游市场“网红”
527,铸就中华文化新辉煌——新中国成立70周年文化建设成就述评
528,带你共赏山河烂漫｜您有一份爱的邀请函请待查收
529,兵马俑“云直播”迎来7000万“游客”
530,千年文物“邂逅”西洋乐 指尖律动演绎“博物馆奇妙夜”
531,单日观看量超千万，讲解员成“网红” 博物馆直播为啥这么火
532,观看量超千万，讲解员成“网红”...博物馆直播为啥这么火？
533,“云游博物馆”走红网络 博物馆数字化进程加快
534,直播看馆藏 线上赏美景
535,【地评线】秦平：“互联网+博物馆”，让传统文化更具魅力
536,浙大艺术与考古博物馆开馆 国宝颜真卿残碑可以凑近看
537,带你共赏山河烂漫｜您有一份爱的邀请函请待查收
538,千年文物“邂逅”西洋乐 指尖律动演绎“博物馆奇妙夜”
539,全国各地博物馆推出线上服务 防疫展览两不误
540,中秋假期西安共接待游客406万人次 收入26.88亿元
541,浙大艺术与考古博物馆开馆 国宝颜真卿残碑可以凑近看
542,“智库观中国”：建言文化旅游深度融合发展
543,源远流长的鼎文化
544,《清敕修大藏经》入藏甘肃省博物馆
545,“危中生机”：新业态新模式新机会
546,【复工复产进行时】“危中生机”：新业态新模式新机会
547,单日观看量超千万，讲解员成“网红” 博物馆直播为啥这么火
548,观看量超千万，讲解员成“网红”...博物馆直播为啥这么火？
549,“云游博物馆”走红网络 博物馆数字化进程加快
550,博物馆线上展览“破局走红” 是机遇更是挑战
551,沿黄九省区45家博物馆成立黄河流域博物馆联盟
552,百年晋博：中国故事的博物馆讲述方式
553,女排八连胜 暖心朱婷上线
554,【8点见】有新景点！九寨沟拟于9月27日试开园
555,习近平：在敦煌研究院座谈时的讲话
556,千年壁画变身动画剧在微信、QQ首映 敦煌研究院与腾讯影业动漫联合出品
557,中宣部授予敦煌研究院文物保护利用群体“时代楷模”称号
558,中宣部授予敦煌研究院文物保护利用群体“时代楷模”称号
559,甘肃嘉峪关千年魏晋古墓织“智慧化”守护网
560,《求是》杂志发表习近平总书记重要文章《在敦煌研究院座谈时的讲话》
561,《求是》杂志发表习近平总书记重要文章《在敦煌研究院座谈时的讲话》
562,独家视频丨习近平在敦煌研究院同专家学者座谈
563,敦煌研究院建院75周年晚会：讲好敦煌故事 传递中国声音
564,重磅！37种2019年度中国好书，今晚央视揭晓 |《2019年度中国好书》看点大放送
565,千年等一回！敦煌壁画变身有声版动画剧
566,“云游博物馆”走红网络 博物馆数字化进程加快
567,“云逛”博物馆 却被这些“代言人”圈了粉
568,解码线上新风潮 “云看展”有门道
569,直播看馆藏 线上赏美景
570,敦煌莫高窟实行票务新政策：1.2万张B票实行网上销售
571,文化产业拥抱数字化转型 解码线上新风潮
572,弘扬“莫高精神” 守护文化宝藏
573,大盛敦煌艺术大展开幕 展敦煌数字化最新成果
574,讲好敦煌故事
575,全国各地博物馆推出线上服务 防疫展览两不误
576,【地评线】秦平：“互联网+博物馆”，让传统文化更具魅力
577,感动中国2019候选人物——樊锦诗
578,"开启""云端""模式 公共文化服务如何匹配""宅生活""?"
579,“大盛敦煌艺术大展”开幕 数字化手段复制的石窟首次进京展陈
580,博物馆线上展览“破局走红” 是机遇更是挑战
581,单日观看量超千万，讲解员成“网红” 博物馆直播为啥这么火
582,观看量超千万，讲解员成“网红”...博物馆直播为啥这么火？
583,各地旅游景点陆续恢复开放 消毒防护、科学分流成“标配”
584,线上机会涌现 创新层出不穷
585,没暖气没羽绒服……古代人如何度过寒冷冬天？
586,【地评线】飞天网评：讲好中西文明交流互鉴的“敦煌故事”
587,沪剧走进北大清华 “有年轻人追捧才有未来”
588,传统色彩研究发布新成果 首位汉译青金石的是玄奘
589,《敦煌女儿》在敦煌 几代“莫高人”都看哭了
590,敦煌的“女儿”樊锦诗：一生择一事 无怨无悔
591,沿黄九省区45家博物馆成立黄河流域博物馆联盟
592,文书、干尸和犀牛化石……揭秘吐鲁番博物馆“镇馆之宝”
